,place_id,filter_id,name
1,1,3,쉘터오브메모리즈
2,1,7,쉘터오브메모리즈
3,2,3,쉘터오브메모리즈
4,2,7,쉘터오브메모리즈
5,3,3,남산의 생태
6,3,7,남산의 생태
7,4,3,회화적 몽타주
8,4,7,회화적 몽타주
9,5,3,휴식
10,5,7,휴식
11,6,3,쉼표 또 다른 여정
12,6,7,쉼표 또 다른 여정
13,7,3,삶-소통
14,7,7,삶-소통
15,8,3,산-하늘문
16,8,7,산-하늘문
17,9,3,생명의 벽
18,9,7,생명의 벽
19,10,3,풍물+류를 더하다
20,10,7,풍물+류를 더하다
21,11,3,일어서自! 초인상
22,11,7,일어서自! 초인상
23,12,3,"서울숲이 들려주는 이야기, 러브레터"
24,12,7,"서울숲이 들려주는 이야기, 러브레터"
25,13,3,바람의 길
26,13,7,바람의 길
27,14,3,북두팔성
28,14,7,북두팔성
29,15,3,자연연상
30,15,7,자연연상
31,16,3,느티나무 형제 마루공원
32,16,7,느티나무 형제 마루공원
33,17,3,꿈꾸는 피아노
34,17,7,꿈꾸는 피아노
35,18,3,투명 변조기
36,18,7,투명 변조기
37,19,3,Transparence 투명함
38,19,7,Transparence 투명함
39,20,3,일획을 긋다
40,20,7,일획을 긋다
41,21,3,수화-세상에서 가장 조용하고 아름다운 말
42,21,7,수화-세상에서 가장 조용하고 아름다운 말
43,22,3,FLOW
44,22,7,FLOW
45,23,3,"Zari0801(예술의 길, 사색의 자리)"
46,23,7,"Zari0801(예술의 길, 사색의 자리)"
47,24,3,인왕산에서 굴러온 바위
48,24,7,인왕산에서 굴러온 바위
49,25,3,Bar Code 빛의 문
50,25,7,Bar Code 빛의 문
51,26,3,"Zari0804-Zari0805(예술의 길, 사색의 자리)"
52,26,7,"Zari0804-Zari0805(예술의 길, 사색의 자리)"
53,27,3,스트라이프;속도
54,27,7,스트라이프;속도
55,28,3,"Zari0806-Zari0807(예술의 길, 사색의 자리)"
56,28,7,"Zari0806-Zari0807(예술의 길, 사색의 자리)"
57,29,3,시간은 강처럼 흐른다
58,29,7,시간은 강처럼 흐른다
59,30,3,해머링맨(이전설치)
60,30,7,해머링맨(이전설치)
61,31,3,무제 (아트쉘터)
62,31,7,무제 (아트쉘터)
63,32,3,먼 곳에서 오는 바람
64,32,7,먼 곳에서 오는 바람
65,33,3,"Zari0802-Zari0803(예술의 길, 사색의 자리)"
66,33,7,"Zari0802-Zari0803(예술의 길, 사색의 자리)"
67,34,3,화분(1-29)
68,34,7,화분(1-29)
69,35,3,"점자-만지는 글, 아름다운 기억"
70,35,7,"점자-만지는 글, 아름다운 기억"
71,36,1,축구(송파여성축구장)
72,36,2,축구(송파여성축구장)
73,37,1,특수체육(하상장애인복지관)
74,37,4,특수체육(하상장애인복지관)
75,37,2,특수체육(하상장애인복지관)
76,38,1,기초체력(노들나루공원)
77,38,2,기초체력(노들나루공원)
78,39,1,생활체조(사당분소)
79,39,2,생활체조(사당분소)
80,40,1,"스트레칭, 근력운동(상도어울마당)"
81,40,2,"스트레칭, 근력운동(상도어울마당)"
82,40,3,"스트레칭, 근력운동(상도어울마당)"
83,40,4,"스트레칭, 근력운동(상도어울마당)"
84,41,1,요가(사당롯데캐슬 아파트)
85,41,2,요가(사당롯데캐슬 아파트)
86,41,3,요가(사당롯데캐슬 아파트)
87,41,4,요가(사당롯데캐슬 아파트)
88,42,1,축구(노들나루공원잔디구장)
89,42,2,축구(노들나루공원잔디구장)
90,43,1,"헬스,필라테스(대림1동 주민자치센터)"
91,43,2,"헬스,필라테스(대림1동 주민자치센터)"
92,44,1,헬스(신길7동주민센터)
93,44,2,헬스(신길7동주민센터)
94,45,1,"스트레칭,헬스(영등포구자치회관헬스장)"
95,45,2,"스트레칭,헬스(영등포구자치회관헬스장)"
96,45,3,"스트레칭,헬스(영등포구자치회관헬스장)"
97,45,4,"스트레칭,헬스(영등포구자치회관헬스장)"
98,46,1,"스트레칭,헬스(대림3동헬스장)"
99,46,2,"스트레칭,헬스(대림3동헬스장)"
100,46,3,"스트레칭,헬스(대림3동헬스장)"
101,46,4,"스트레칭,헬스(대림3동헬스장)"
102,47,1,생활체육(모랫말꿈터)
103,47,2,생활체육(모랫말꿈터)
104,47,4,생활체육(모랫말꿈터)
105,48,1,"스트레칭,헬스(도림동자치센터 헬스장)"
106,48,2,"스트레칭,헬스(도림동자치센터 헬스장)"
107,48,3,"스트레칭,헬스(도림동자치센터 헬스장)"
108,48,4,"스트레칭,헬스(도림동자치센터 헬스장)"
109,49,1,"스트레칭,헬스(신길3동주민센터 헬스장)"
110,49,2,"스트레칭,헬스(신길3동주민센터 헬스장)"
111,49,3,"스트레칭,헬스(신길3동주민센터 헬스장)"
112,49,4,"스트레칭,헬스(신길3동주민센터 헬스장)"
113,50,1,"스트레칭,생활체조(양평동헬스장)"
114,50,2,"스트레칭,생활체조(양평동헬스장)"
115,50,3,"스트레칭,생활체조(양평동헬스장)"
116,50,4,"스트레칭,생활체조(양평동헬스장)"
117,51,1,헬스(대림1동 주민자치센터)
118,51,2,헬스(대림1동 주민자치센터)
119,52,1,배구(구로구민체육센터)
120,52,2,배구(구로구민체육센터)
121,52,4,배구(구로구민체육센터)
122,53,1,헬스(G밸리보건지소)
123,53,2,헬스(G밸리보건지소)
124,54,1,특수체육(기쁜우리복지관)
125,54,4,특수체육(기쁜우리복지관)
126,54,2,특수체육(기쁜우리복지관)
127,55,1,스트레칭(우장산동주민센터)
128,55,2,스트레칭(우장산동주민센터)
129,55,3,스트레칭(우장산동주민센터)
130,55,4,스트레칭(우장산동주민센터)
131,56,1,스트레칭(가양2동주민센터)
132,56,2,스트레칭(가양2동주민센터)
133,56,3,스트레칭(가양2동주민센터)
134,56,4,스트레칭(가양2동주민센터)
135,57,1,스트레칭(등촌9복지관)
136,57,2,스트레칭(등촌9복지관)
137,57,3,스트레칭(등촌9복지관)
138,57,4,스트레칭(등촌9복지관)
139,58,1,헬스(공항동주민센터)
140,58,2,헬스(공항동주민센터)
141,58,4,헬스(공항동주민센터)
142,59,1,헬스(염창동주민센터)
143,59,2,헬스(염창동주민센터)
144,59,4,헬스(염창동주민센터)
145,60,1,헬스(우장산동주민센터)
146,60,2,헬스(우장산동주민센터)
147,60,4,헬스(우장산동주민센터)
148,61,1,헬스(등촌2동주민센터)
149,61,2,헬스(등촌2동주민센터)
150,61,4,헬스(등촌2동주민센터)
151,62,1,특수체육(늘푸른나무복지관)
152,62,4,특수체육(늘푸른나무복지관)
153,62,2,특수체육(늘푸른나무복지관)
154,63,1,특수체육(그라나다보호작업센터)
155,63,4,특수체육(그라나다보호작업센터)
156,63,2,특수체육(그라나다보호작업센터)
157,64,1,헬스(등촌2동주민센터헬스장)
158,64,2,헬스(등촌2동주민센터헬스장)
159,65,1,헬스(가양3동주민센터)
160,65,2,헬스(가양3동주민센터)
161,66,1,헬스(우장산주민센터)
162,66,2,헬스(우장산주민센터)
163,67,1,헬스(가양2동주민센터)
164,67,2,헬스(가양2동주민센터)
165,68,1,헬스(등촌3동주민센터)
166,68,2,헬스(등촌3동주민센터)
167,69,1,보디빌딩(화곡6동주민센터)
168,69,2,보디빌딩(화곡6동주민센터)
169,70,1,보디빌딩(화곡3동주민센터)
170,70,2,보디빌딩(화곡3동주민센터)
171,71,1,보디빌딩(화곡4동주민센터)
172,71,2,보디빌딩(화곡4동주민센터)
173,72,1,"요가,헬스(화곡6동주민센터)"
174,72,2,"요가,헬스(화곡6동주민센터)"
175,72,3,"요가,헬스(화곡6동주민센터)"
176,72,4,"요가,헬스(화곡6동주민센터)"
177,73,1,"요가,헬스(우장산동주민센터)"
178,73,2,"요가,헬스(우장산동주민센터)"
179,73,3,"요가,헬스(우장산동주민센터)"
180,73,4,"요가,헬스(우장산동주민센터)"
181,74,1,뉴스포츠(기쁜우리복지관 지하1층)
182,74,2,뉴스포츠(기쁜우리복지관 지하1층)
183,75,1,족구(해누리족구장)
184,75,2,족구(해누리족구장)
185,76,1,헬스&근력운동(G.X)(신월4동주민센터)
186,76,2,헬스&근력운동(G.X)(신월4동주민센터)
187,77,1,헬스&근력운동(G.X)(목4동주민센터)
188,77,2,헬스&근력운동(G.X)(목4동주민센터)
189,78,1,탁구(한빛종합사회복지관)
190,78,2,탁구(한빛종합사회복지관)
191,79,1,탁구(목동종합사회복지관)
192,79,2,탁구(목동종합사회복지관)
193,80,1,탁구(신정종합사회복지관)
194,80,2,탁구(신정종합사회복지관)
195,81,1,탁구(목동종합사회복지관)
196,81,2,탁구(목동종합사회복지관)
197,82,1,생활체조(아현건강증진센터)
198,82,2,생활체조(아현건강증진센터)
199,83,1,뉴스포츠(북아현방과후교실)
200,83,2,뉴스포츠(북아현방과후교실)
201,84,1,헬스(홍제천 일대)
202,84,2,헬스(홍제천 일대)
203,85,1,경춘선 숲길 걷기 수업(경춘선숲길)
204,85,2,경춘선 숲길 걷기 수업(경춘선숲길)
205,86,1,경춘선 숲길 걷기 수업(경춘선 숲길)
206,86,2,경춘선 숲길 걷기 수업(경춘선 숲길)
207,87,1,헬스(오동생활체육공원)
208,87,4,헬스(오동생활체육공원)
209,87,2,헬스(오동생활체육공원)
210,88,1,축구(강북구민운동장)
211,88,2,축구(강북구민운동장)
212,89,1,생활체조(래미안라센트아파트)
213,89,2,생활체조(래미안라센트아파트)
214,90,1,걷기운동(북한산둘레길)
215,90,2,걷기운동(북한산둘레길)
216,91,1,걷기운동(성북동성곽길)
217,91,2,걷기운동(성북동성곽길)
218,92,1,걷기운동(북서울꿈의숲)
219,92,2,걷기운동(북서울꿈의숲)
220,93,1,생활체조(성북구보건소)
221,93,2,생활체조(성북구보건소)
222,94,1,생활체조(정릉 e편한세상아파트)
223,94,2,생활체조(정릉 e편한세상아파트)
224,95,1,생활체조(성북구보건소)
225,95,2,생활체조(성북구보건소)
226,96,1,걷기(성북동 성곽길)
227,96,2,걷기(성북동 성곽길)
228,97,1,걷기(북서울꿈의숲)
229,97,2,걷기(북서울꿈의숲)
230,98,1,생활체조(돈암코오롱아파트)
231,98,2,생활체조(돈암코오롱아파트)
232,99,1,근력운동(석관두산아파트)
233,99,2,근력운동(석관두산아파트)
234,100,1,걷기(북한산둘레길)
235,100,2,걷기(북한산둘레길)
236,101,1,걷기(북서울꿈의숲)
237,101,2,걷기(북서울꿈의숲)
238,102,1,밴드운동(꿈의숲코오롱하늘채아파트)
239,102,2,밴드운동(꿈의숲코오롱하늘채아파트)
240,103,1,걷기(성북동성곽길)
241,103,2,걷기(성북동성곽길)
242,104,1,생활체조(돈암2동주민센터 다목적홀)
243,104,2,생활체조(돈암2동주민센터 다목적홀)
244,105,1,생활체조(안암동주민센터 다목적홀)
245,105,2,생활체조(안암동주민센터 다목적홀)
246,106,1,배드민턴(용두문화복지센터 (체육관))
247,106,4,배드민턴(용두문화복지센터 (체육관))
248,106,7,배드민턴(용두문화복지센터 (체육관))
249,106,2,배드민턴(용두문화복지센터 (체육관))
250,107,1,배드민턴(광장동실내배드민턴장)
251,107,2,배드민턴(광장동실내배드민턴장)
252,108,1,헬스(광진구보건소운동교육실)
253,108,3,헬스(광진구보건소운동교육실)
254,108,4,헬스(광진구보건소운동교육실)
255,108,2,헬스(광진구보건소운동교육실)
256,109,1,헬스(광진구청 보건소체력단련실)
257,109,3,헬스(광진구청 보건소체력단련실)
258,109,4,헬스(광진구청 보건소체력단련실)
259,109,2,헬스(광진구청 보건소체력단련실)
260,110,1,라인댄스(주민센터3층체육관)
261,110,4,라인댄스(주민센터3층체육관)
262,110,2,라인댄스(주민센터3층체육관)
263,111,1,리듬댄스(주민센터3층체육관)
264,111,4,리듬댄스(주민센터3층체육관)
265,111,2,리듬댄스(주민센터3층체육관)
266,112,1,라인댄스(주민센터3층체육관)
267,112,4,라인댄스(주민센터3층체육관)
268,112,2,라인댄스(주민센터3층체육관)
269,113,1,리듬댄스(주민센터3층체육관)
270,113,4,리듬댄스(주민센터3층체육관)
271,113,2,리듬댄스(주민센터3층체육관)
272,114,1,라인댄스(주민센터3층체육관)
273,114,4,라인댄스(주민센터3층체육관)
274,114,2,라인댄스(주민센터3층체육관)
275,115,1,리듬댄스(주민센터3층체육관)
276,115,4,리듬댄스(주민센터3층체육관)
277,115,2,리듬댄스(주민센터3층체육관)
278,116,1,헬스(보건소 체력단련장)
279,116,2,헬스(보건소 체력단련장)
280,117,1,배드민턴(광장복지관)
281,117,2,배드민턴(광장복지관)
282,118,1,요가(광장복지관)
283,118,2,요가(광장복지관)
284,118,3,요가(광장복지관)
285,118,4,요가(광장복지관)
286,119,1,축구(성동구민종합체육센터)
287,119,4,축구(성동구민종합체육센터)
288,119,2,축구(성동구민종합체육센터)
289,120,1,요가(구립장애인주간보호센터)
290,120,2,요가(구립장애인주간보호센터)
291,120,3,요가(구립장애인주간보호센터)
292,120,4,요가(구립장애인주간보호센터)
293,121,1,요가(구립용산장애인복지관)
294,121,2,요가(구립용산장애인복지관)
295,121,3,요가(구립용산장애인복지관)
296,121,4,요가(구립용산장애인복지관)
297,122,1,요가(효창주민센터)
298,122,2,요가(효창주민센터)
299,122,3,요가(효창주민센터)
300,122,4,요가(효창주민센터)
301,123,1,스트레칭(효창종합사회복지관)
302,123,2,스트레칭(효창종합사회복지관)
303,123,3,스트레칭(효창종합사회복지관)
304,123,4,스트레칭(효창종합사회복지관)
305,124,1,테라밴드(효창종합사회복지관)
306,124,2,테라밴드(효창종합사회복지관)
307,124,3,테라밴드(효창종합사회복지관)
308,124,4,테라밴드(효창종합사회복지관)
309,125,1,덤벨체조(효창종합사회복지관)
310,125,2,덤벨체조(효창종합사회복지관)
311,126,1,스트레칭(세라밴드)(필동주민센터)
312,126,2,스트레칭(세라밴드)(필동주민센터)
313,126,3,스트레칭(세라밴드)(필동주민센터)
314,126,4,스트레칭(세라밴드)(필동주민센터)
315,127,1,스트레칭(세라밴드)(필동주민센터 2층)
316,127,2,스트레칭(세라밴드)(필동주민센터 2층)
317,127,3,스트레칭(세라밴드)(필동주민센터 2층)
318,127,4,스트레칭(세라밴드)(필동주민센터 2층)
319,128,1,스트레칭(세라밴드)(장충체육관)
320,128,2,스트레칭(세라밴드)(장충체육관)
321,128,3,스트레칭(세라밴드)(장충체육관)
322,128,4,스트레칭(세라밴드)(장충체육관)
323,129,1,스트레칭(세라밴드)(황학동주민센터)
324,129,2,스트레칭(세라밴드)(황학동주민센터)
325,129,3,스트레칭(세라밴드)(황학동주민센터)
326,129,4,스트레칭(세라밴드)(황학동주민센터)
327,130,1,"헬스, 근력운동(황학동주민센터)"
328,130,2,"헬스, 근력운동(황학동주민센터)"
329,131,1,헬스(다산동주민센터)
330,131,2,헬스(다산동주민센터)
331,132,1,헬스(청구동주민센터)
332,132,2,헬스(청구동주민센터)
333,133,1,에어로빅(훈련원공원종합체육관)
334,133,4,에어로빅(훈련원공원종합체육관)
335,133,2,에어로빅(훈련원공원종합체육관)
336,134,1,탁구(대청종합복지관)
337,134,2,탁구(대청종합복지관)
338,135,1,생활체육(강당)
339,135,4,생활체육(강당)
340,135,2,생활체육(강당)
341,136,1,특수체육(강당)
342,136,4,특수체육(강당)
343,136,2,특수체육(강당)
344,137,1,특수체육(강당)
345,137,4,특수체육(강당)
346,137,2,특수체육(강당)
347,138,1,특수체육(강당)
348,138,4,특수체육(강당)
349,138,2,특수체육(강당)
350,139,1,헬스(내곡열린문화센터)
351,139,7,헬스(내곡열린문화센터)
352,139,2,헬스(내곡열린문화센터)
353,140,1,"스트레칭,생활체조(영인구립경로당)"
354,140,2,"스트레칭,생활체조(영인구립경로당)"
355,140,3,"스트레칭,생활체조(영인구립경로당)"
356,140,4,"스트레칭,생활체조(영인구립경로당)"
357,141,1,헬스(대림1동 주민자치센터)
358,141,2,헬스(대림1동 주민자치센터)
359,142,1,헬스(양평동주민복지회관)
360,142,2,헬스(양평동주민복지회관)
361,143,1,축구(금천구청 환경미화원)
362,143,3,축구(금천구청 환경미화원)
363,143,4,축구(금천구청 환경미화원)
364,143,2,축구(금천구청 환경미화원)
365,144,1,뉴스포츠(구로종합사회복지관)
366,144,2,뉴스포츠(구로종합사회복지관)
367,145,1,체육(화원종합사회복지관방과후교실)
368,145,4,체육(화원종합사회복지관방과후교실)
369,145,2,체육(화원종합사회복지관방과후교실)
370,146,1,헬스(공항동주민센터)
371,146,2,헬스(공항동주민센터)
372,147,1,헬스(염창동주민센터)
373,147,2,헬스(염창동주민센터)
374,148,1,보디빌딩(우장산동주민센터)
375,148,2,보디빌딩(우장산동주민센터)
376,149,1,헬스(우장산동주민센터)
377,149,2,헬스(우장산동주민센터)
378,150,1,특수체육(늘푸른나무복지관)
379,150,4,특수체육(늘푸른나무복지관)
380,150,2,특수체육(늘푸른나무복지관)
381,151,1,특수체육(그라나다보호작업센터)
382,151,4,특수체육(그라나다보호작업센터)
383,151,2,특수체육(그라나다보호작업센터)
384,152,1,헬스(등촌2동주민센터)
385,152,2,헬스(등촌2동주민센터)
386,153,1,스트레칭(등촌2동주민센터)
387,153,2,스트레칭(등촌2동주민센터)
388,153,3,스트레칭(등촌2동주민센터)
389,153,4,스트레칭(등촌2동주민센터)
390,154,1,헬스(가양3동 주민센터)
391,154,2,헬스(가양3동 주민센터)
392,155,1,헬스(등촌3동주민센터)
393,155,2,헬스(등촌3동주민센터)
394,156,1,헬스(공항동주민센터)
395,156,2,헬스(공항동주민센터)
396,157,1,배드민턴(우장산 배드민턴장)
397,157,2,배드민턴(우장산 배드민턴장)
398,158,1,헬스(가양2동 주민센터)
399,158,2,헬스(가양2동 주민센터)
400,159,1,뉴스포츠(기쁜우리복지관 강당)
401,159,2,뉴스포츠(기쁜우리복지관 강당)
402,160,1,탁구(공항동주민센터 강당)
403,160,2,탁구(공항동주민센터 강당)
404,161,1,헬스&근력운동(G.X)(목4동주민센터)
405,161,2,헬스&근력운동(G.X)(목4동주민센터)
406,162,1,헬스&근력운동(G.X)(신월4동주민센터)
407,162,2,헬스&근력운동(G.X)(신월4동주민센터)
408,163,1,근력운동(양천보건소)
409,163,2,근력운동(양천보건소)
410,164,1,탁구(목동종합사회복지관)
411,164,2,탁구(목동종합사회복지관)
412,165,1,탁구(신정종합사회복지관)
413,165,2,탁구(신정종합사회복지관)
414,166,1,탁구(신정종합사회복지관)
415,166,2,탁구(신정종합사회복지관)
416,167,1,헬스(홍제천 인근)
417,167,2,헬스(홍제천 인근)
418,168,1,"스트레칭, 헬스(도림동자치센터 헬스장)"
419,168,2,"스트레칭, 헬스(도림동자치센터 헬스장)"
420,168,3,"스트레칭, 헬스(도림동자치센터 헬스장)"
421,168,4,"스트레칭, 헬스(도림동자치센터 헬스장)"
422,169,1,"스트레칭, 헬스(신길3동주민센터 헬스장)"
423,169,2,"스트레칭, 헬스(신길3동주민센터 헬스장)"
424,169,3,"스트레칭, 헬스(신길3동주민센터 헬스장)"
425,169,4,"스트레칭, 헬스(신길3동주민센터 헬스장)"
426,170,1,"스트레칭,헬스(영등포구자치회관헬스장)"
427,170,2,"스트레칭,헬스(영등포구자치회관헬스장)"
428,170,3,"스트레칭,헬스(영등포구자치회관헬스장)"
429,170,4,"스트레칭,헬스(영등포구자치회관헬스장)"
430,171,1,걷기(경춘선 숲길)
431,171,2,걷기(경춘선 숲길)
432,172,1,테라밴드(수유1동주민센터)
433,172,2,테라밴드(수유1동주민센터)
434,172,3,테라밴드(수유1동주민센터)
435,172,4,테라밴드(수유1동주민센터)
436,173,1,웨이트트레이닝(오동생활체육관)
437,173,4,웨이트트레이닝(오동생활체육관)
438,173,2,웨이트트레이닝(오동생활체육관)
439,174,1,농구(강북웰빙스포츠센터 3층)
440,174,2,농구(강북웰빙스포츠센터 3층)
441,175,1,생활체조(정릉e편한세상아파트)
442,175,2,생활체조(정릉e편한세상아파트)
443,176,1,보디빌딩(용마문화복지센터)
444,176,7,보디빌딩(용마문화복지센터)
445,176,2,보디빌딩(용마문화복지센터)
446,177,1,뮤직복싱(유린원광사회복지관)
447,177,2,뮤직복싱(유린원광사회복지관)
448,178,1,생활체조(기원주간보호센터)
449,178,2,생활체조(기원주간보호센터)
450,179,1,요가(두근두근도서관)
451,179,2,요가(두근두근도서관)
452,179,3,요가(두근두근도서관)
453,179,4,요가(두근두근도서관)
454,180,1,요가(산책마을 작은도서관)
455,180,2,요가(산책마을 작은도서관)
456,180,3,요가(산책마을 작은도서관)
457,180,4,요가(산책마을 작은도서관)
458,181,1,배드민턴( 용두문화복지센터 (체육관))
459,181,4,배드민턴( 용두문화복지센터 (체육관))
460,181,7,배드민턴( 용두문화복지센터 (체육관))
461,181,2,배드민턴( 용두문화복지센터 (체육관))
462,182,1,라인댄스(광장종합사회복지관)
463,182,2,라인댄스(광장종합사회복지관)
464,182,4,라인댄스(광장종합사회복지관)
465,183,1,댄스스포츠(자양종합사회복지관)
466,183,2,댄스스포츠(자양종합사회복지관)
467,183,4,댄스스포츠(자양종합사회복지관)
468,184,1,배드민턴(광장종합사회복지관)
469,184,2,배드민턴(광장종합사회복지관)
470,185,1,요가(광장종합사회복지관)
471,185,2,요가(광장종합사회복지관)
472,185,3,요가(광장종합사회복지관)
473,185,4,요가(광장종합사회복지관)
474,186,1,헬스(광진구청보건소 체력단련실)
475,186,3,헬스(광진구청보건소 체력단련실)
476,186,4,헬스(광진구청보건소 체력단련실)
477,186,2,헬스(광진구청보건소 체력단련실)
478,187,1,헬스(보건소 보건교육실)
479,187,3,헬스(보건소 보건교육실)
480,187,4,헬스(보건소 보건교육실)
481,187,2,헬스(보건소 보건교육실)
482,188,1,헬스(보건소 체력단련장)
483,188,2,헬스(보건소 체력단련장)
484,189,1,라인댄스(구의1동주민센터)
485,189,2,라인댄스(구의1동주민센터)
486,189,4,라인댄스(구의1동주민센터)
487,190,1,리듬댄스(구의1동주민센터)
488,190,2,리듬댄스(구의1동주민센터)
489,190,4,리듬댄스(구의1동주민센터)
490,191,1,라인댄스(화양동 주민센터)
491,191,2,라인댄스(화양동 주민센터)
492,191,4,라인댄스(화양동 주민센터)
493,192,1,리듬댄스(화양동 주민센터)
494,192,2,리듬댄스(화양동 주민센터)
495,192,4,리듬댄스(화양동 주민센터)
496,193,1,라인댄스(자양2동주민센터)
497,193,2,라인댄스(자양2동주민센터)
498,193,4,라인댄스(자양2동주민센터)
499,194,1,근력운동(자양2동주민센터)
500,194,2,근력운동(자양2동주민센터)
501,195,1,라인댄스(자양1동주민센터)
502,195,2,라인댄스(자양1동주민센터)
503,195,4,라인댄스(자양1동주민센터)
504,196,1,줌바댄스(자양1동주민센터)
505,196,2,줌바댄스(자양1동주민센터)
506,196,4,줌바댄스(자양1동주민센터)
507,197,1,요가(구립장애인주간보호센터)
508,197,2,요가(구립장애인주간보호센터)
509,197,3,요가(구립장애인주간보호센터)
510,197,4,요가(구립장애인주간보호센터)
511,198,1,요가(구립용산장애인복지관)
512,198,2,요가(구립용산장애인복지관)
513,198,3,요가(구립용산장애인복지관)
514,198,4,요가(구립용산장애인복지관)
515,199,1,요가(효창주민센터)
516,199,2,요가(효창주민센터)
517,199,3,요가(효창주민센터)
518,199,4,요가(효창주민센터)
519,200,1,스트레칭(효창종합사회복지관)
520,200,2,스트레칭(효창종합사회복지관)
521,200,3,스트레칭(효창종합사회복지관)
522,200,4,스트레칭(효창종합사회복지관)
523,201,1,테라밴드(효창종합사회복지관)
524,201,2,테라밴드(효창종합사회복지관)
525,201,3,테라밴드(효창종합사회복지관)
526,201,4,테라밴드(효창종합사회복지관)
527,202,1,덤벨체조(효창종합사회복지관)
528,202,2,덤벨체조(효창종합사회복지관)
529,203,1,헬스(신당종합사회복지관)
530,203,2,헬스(신당종합사회복지관)
531,204,1,기타체육(종로1234가동주민센터)
532,204,4,기타체육(종로1234가동주민센터)
533,204,2,기타체육(종로1234가동주민센터)
534,205,3,1984
535,205,4,1984
536,205,7,1984
537,206,3,C&S서점
538,206,4,C&S서점
539,206,7,C&S서점
540,207,3,Foreign book store
541,207,4,Foreign book store
542,207,7,Foreign book store
543,208,3,SK문고
544,208,4,SK문고
545,208,7,SK문고
546,209,3,YES24 중고매장(목동점)
547,209,4,YES24 중고매장(목동점)
548,209,7,YES24 중고매장(목동점)
549,210,3,YES24(강서NC점)
550,210,4,YES24(강서NC점)
551,210,7,YES24(강서NC점)
552,211,3,가가77페이지
553,211,4,가가77페이지
554,211,7,가가77페이지
555,212,3,가람프라자
556,212,4,가람프라자
557,212,7,가람프라자
558,213,3,감성인간서점
559,213,4,감성인간서점
560,213,7,감성인간서점
561,214,3,갑을문고
562,214,4,갑을문고
563,214,7,갑을문고
564,215,3,강동헌책방
565,215,4,강동헌책방
566,215,7,강동헌책방
567,216,3,강서책서점
568,216,4,강서책서점
569,216,7,강서책서점
570,217,3,개똥이네(가양점)
571,217,4,개똥이네(가양점)
572,217,7,개똥이네(가양점)
573,218,3,개똥이네(노원점)
574,218,4,개똥이네(노원점)
575,218,7,개똥이네(노원점)
576,219,3,개똥이네(영등포점)
577,219,4,개똥이네(영등포점)
578,219,7,개똥이네(영등포점)
579,220,3,개똥이네(잠실점)
580,220,4,개똥이네(잠실점)
581,220,7,개똥이네(잠실점)
582,221,3,개롱서적
583,221,4,개롱서적
584,221,7,개롱서적
585,222,3,거북서점
586,222,4,거북서점
587,222,7,거북서점
588,223,3,경일서점
589,223,4,경일서점
590,223,7,경일서점
591,224,3,계성문고
592,224,4,계성문고
593,224,7,계성문고
594,225,3,고래서점
595,225,4,고래서점
596,225,7,고래서점
597,226,3,고시책사랑
598,226,4,고시책사랑
599,226,7,고시책사랑
600,227,3,고요서사
601,227,4,고요서사
602,227,7,고요서사
603,228,3,곰서점
604,228,4,곰서점
605,228,7,곰서점
606,229,3,공간과몰입
607,229,4,공간과몰입
608,229,7,공간과몰입
609,230,3,공상온도
610,230,4,공상온도
611,230,7,공상온도
612,231,3,공씨책방(성수점)
613,231,4,공씨책방(성수점)
614,231,7,공씨책방(성수점)
615,232,3,공씨책방(신촌점)
616,232,4,공씨책방(신촌점)
617,232,7,공씨책방(신촌점)
618,233,3,공일서점
619,233,4,공일서점
620,233,7,공일서점
621,234,3,과학책방 갈다
622,234,4,과학책방 갈다
623,234,7,과학책방 갈다
624,235,3,관객의취향
625,235,4,관객의취향
626,235,7,관객의취향
627,236,3,광명문고
628,236,4,광명문고
629,236,7,광명문고
630,237,3,광진서적
631,237,4,광진서적
632,237,7,광진서적
633,238,3,교보문고(가든파이브 바로드림센터)
634,238,4,교보문고(가든파이브 바로드림센터)
635,238,7,교보문고(가든파이브 바로드림센터)
636,239,3,교보문고(강남점)
637,239,4,교보문고(강남점)
638,239,7,교보문고(강남점)
639,240,3,교보문고(건대 바로드림센터)
640,240,4,교보문고(건대 바로드림센터)
641,240,7,교보문고(건대 바로드림센터)
642,241,3,교보문고(광화문점)
643,241,4,교보문고(광화문점)
644,241,7,교보문고(광화문점)
645,242,3,교보문고(디큐브시티 바로드림센터)
646,242,4,교보문고(디큐브시티 바로드림센터)
647,242,7,교보문고(디큐브시티 바로드림센터)
648,243,3,교보문고(수유 바로드림센터)
649,243,4,교보문고(수유 바로드림센터)
650,243,7,교보문고(수유 바로드림센터)
651,244,3,교보문고(은평 바로드림센터)
652,244,4,교보문고(은평 바로드림센터)
653,244,7,교보문고(은평 바로드림센터)
654,245,3,교보문고(잠실점)
655,245,4,교보문고(잠실점)
656,245,7,교보문고(잠실점)
657,246,3,교보문고(천호점)
658,246,4,교보문고(천호점)
659,246,7,교보문고(천호점)
660,247,3,교보문고(청량리 바로드림센터)
661,247,4,교보문고(청량리 바로드림센터)
662,247,7,교보문고(청량리 바로드림센터)
663,248,3,교보문고(합정점)
664,248,4,교보문고(합정점)
665,248,7,교보문고(합정점)
666,249,3,그날이오면 
667,249,4,그날이오면 
668,249,7,그날이오면 
669,250,3,그래서
670,250,4,그래서
671,250,7,그래서
672,251,3,그래픽
673,251,4,그래픽
674,251,7,그래픽
675,252,3,그래픽
676,252,4,그래픽
677,252,7,그래픽
678,253,3,그랜드문고
679,253,4,그랜드문고
680,253,7,그랜드문고
681,254,3,그림책방 곰곰
682,254,4,그림책방 곰곰
683,254,7,그림책방 곰곰
684,255,3,글벗서점
685,255,4,글벗서점
686,255,7,글벗서점
687,256,3,글벗서점
688,256,4,글벗서점
689,256,7,글벗서점
690,257,3,글벗서점
691,257,4,글벗서점
692,257,7,글벗서점
693,258,3,글빛문고
694,258,4,글빛문고
695,258,7,글빛문고
696,259,3,금지옥엽
697,259,4,금지옥엽
698,259,7,금지옥엽
699,260,3,기독성문서적
700,260,4,기독성문서적
701,260,7,기독성문서적
702,261,3,깡지서점
703,261,4,깡지서점
704,261,7,깡지서점
705,262,3,꼬리달린책방(협동조합 카페마을)
706,262,4,꼬리달린책방(협동조합 카페마을)
707,262,7,꼬리달린책방(협동조합 카페마을)
708,263,3,꽃피는책
709,263,4,꽃피는책
710,263,7,꽃피는책
711,264,3,나라문고
712,264,4,나라문고
713,264,7,나라문고
714,265,3,나무곁에서서
715,265,4,나무곁에서서
716,265,7,나무곁에서서
717,266,3,나비루
718,266,4,나비루
719,266,7,나비루
720,267,3,남영서점
721,267,4,남영서점
722,267,7,남영서점
723,268,3,낫저스트북스
724,268,4,낫저스트북스
725,268,7,낫저스트북스
726,269,3,노른자책방
727,269,4,노른자책방
728,269,7,노른자책방
729,270,3,노말에이
730,270,4,노말에이
731,270,7,노말에이
732,271,3,노원문고 본점
733,271,4,노원문고 본점
734,271,7,노원문고 본점
735,272,3,노원문고 제5매장
736,272,4,노원문고 제5매장
737,272,7,노원문고 제5매장
738,273,3,노원문고 중계점
739,273,4,노원문고 중계점
740,273,7,노원문고 중계점
741,274,3,늘벗서점
742,274,4,늘벗서점
743,274,7,늘벗서점
744,275,3,늘푸른글방
745,275,4,늘푸른글방
746,275,7,늘푸른글방
747,276,3,니은서점
748,276,4,니은서점
749,276,7,니은서점
750,277,3,다름상상
751,277,4,다름상상
752,277,7,다름상상
753,278,3,다솜서점
754,278,4,다솜서점
755,278,7,다솜서점
756,279,3,다솜서점
757,279,4,다솜서점
758,279,7,다솜서점
759,280,3,다시서점
760,280,4,다시서점
761,280,7,다시서점
762,281,3,다온책방
763,281,4,다온책방
764,281,7,다온책방
765,282,3,달걀책방
766,282,4,달걀책방
767,282,7,달걀책방
768,283,3,달마헌책방
769,283,4,달마헌책방
770,283,7,달마헌책방
771,284,3,당인리책발전소
772,284,4,당인리책발전소
773,284,7,당인리책발전소
774,285,3,대광서림
775,285,4,대광서림
776,285,7,대광서림
777,286,3,대륙서점
778,286,4,대륙서점
779,286,7,대륙서점
780,287,3,대림문고
781,287,4,대림문고
782,287,7,대림문고
783,288,3,대민문고
784,288,4,대민문고
785,288,7,대민문고
786,289,3,대영문고
787,289,4,대영문고
788,289,7,대영문고
789,290,3,대원서점
790,290,4,대원서점
791,290,7,대원서점
792,291,3,대원서점
793,291,4,대원서점
794,291,7,대원서점
795,292,3,대원책문고
796,292,4,대원책문고
797,292,7,대원책문고
798,293,3,대일서점
799,293,4,대일서점
800,293,7,대일서점
801,294,3,대지책문고
802,294,4,대지책문고
803,294,7,대지책문고
804,295,3,대천서점
805,295,4,대천서점
806,295,7,대천서점
807,296,3,더레퍼런스
808,296,4,더레퍼런스
809,296,7,더레퍼런스
810,297,3,더레퍼런스(서소문점)
811,297,4,더레퍼런스(서소문점)
812,297,7,더레퍼런스(서소문점)
813,298,3,더북소사이어티
814,298,4,더북소사이어티
815,298,7,더북소사이어티
816,299,3,더북스 신대방점
817,299,4,더북스 신대방점
818,299,7,더북스 신대방점
819,300,3,더북스 한길서점(방배)
820,300,4,더북스 한길서점(방배)
821,300,7,더북스 한길서점(방배)
822,301,3,더숲 초소책방
823,301,4,더숲 초소책방
824,301,7,더숲 초소책방
825,302,3,덕인서림
826,302,4,덕인서림
827,302,7,덕인서림
828,303,3,도도봉봉
829,303,4,도도봉봉
830,303,7,도도봉봉
831,304,3,도하서림
832,304,4,도하서림
833,304,7,도하서림
834,305,3,도화북스(도화아파트먼트)
835,305,4,도화북스(도화아파트먼트)
836,305,7,도화북스(도화아파트먼트)
837,306,3,동남서적
838,306,4,동남서적
839,306,7,동남서적
840,307,3,동네책방 원테이블
841,307,4,동네책방 원테이블
842,307,7,동네책방 원테이블
843,308,3,동네책방개똥이네책놀이터
844,308,4,동네책방개똥이네책놀이터
845,308,7,동네책방개똥이네책놀이터
846,309,3,동방서적
847,309,4,동방서적
848,309,7,동방서적
849,310,3,동북문고
850,310,4,동북문고
851,310,7,동북문고
852,311,3,동신서림
853,311,4,동신서림
854,311,7,동신서림
855,312,3,동아서점
856,312,4,동아서점
857,312,7,동아서점
858,313,3,동아서점
859,313,4,동아서점
860,313,7,동아서점
861,314,3,동아서점
862,314,4,동아서점
863,314,7,동아서점
864,315,3,동양서림
865,315,4,동양서림
866,315,7,동양서림
867,316,3,동일서점프라자
868,316,4,동일서점프라자
869,316,7,동일서점프라자
870,317,3,동지서적
871,317,4,동지서적
872,317,7,동지서적
873,318,3,드림서점
874,318,4,드림서점
875,318,7,드림서점
876,319,3,디자인북
877,319,4,디자인북
878,319,7,디자인북
879,320,3,땡스북스
880,320,4,땡스북스
881,320,7,땡스북스
882,321,3,라이너노트
883,321,4,라이너노트
884,321,7,라이너노트
885,322,3,로우북스
886,322,4,로우북스
887,322,7,로우북스
888,323,3,로프 에디션스
889,323,4,로프 에디션스
890,323,7,로프 에디션스
891,324,3,로프트북스
892,324,4,로프트북스
893,324,7,로프트북스
894,325,3,마음책방 서가는
895,325,4,마음책방 서가는
896,325,7,마음책방 서가는
897,326,3,마이어 날다
898,326,4,마이어 날다
899,326,7,마이어 날다
900,327,3,마이페이브리트
901,327,4,마이페이브리트
902,327,7,마이페이브리트
903,328,3,마중물서점
904,328,4,마중물서점
905,328,7,마중물서점
906,329,3,마포문고
907,329,4,마포문고
908,329,7,마포문고
909,330,3,만나서적
910,330,4,만나서적
911,330,7,만나서적
912,331,3,만유인력
913,331,4,만유인력
914,331,7,만유인력
915,332,3,만화살롱 유어마나
916,332,4,만화살롱 유어마나
917,332,7,만화살롱 유어마나
918,333,3,매거진랜드
919,333,4,매거진랜드
920,333,7,매거진랜드
921,334,3,매일문고
922,334,4,매일문고
923,334,7,매일문고
924,335,3,메종인디아 트래블앤북스
925,335,4,메종인디아 트래블앤북스
926,335,7,메종인디아 트래블앤북스
927,336,3,명동문고
928,336,4,명동문고
929,336,7,명동문고
930,337,3,명지서점
931,337,4,명지서점
932,337,7,명지서점
933,338,3,모닝책서점(모닝글로리)
934,338,4,모닝책서점(모닝글로리)
935,338,7,모닝책서점(모닝글로리)
936,339,3,목동문고
937,339,4,목동문고
938,339,7,목동문고
939,340,3,무아레 서점
940,340,4,무아레 서점
941,340,7,무아레 서점
942,341,3,무엇보다 책방
943,341,4,무엇보다 책방
944,341,7,무엇보다 책방
945,342,3,문학살롱 초고
946,342,4,문학살롱 초고
947,342,7,문학살롱 초고
948,343,3,문화공간 길담
949,343,4,문화공간 길담
950,343,7,문화공간 길담
951,344,3,문화문고
952,344,4,문화문고
953,344,7,문화문고
954,345,3,뭐든지 책방
955,345,4,뭐든지 책방
956,345,7,뭐든지 책방
957,346,3,미스터리 유니온
958,346,4,미스터리 유니온
959,346,7,미스터리 유니온
960,347,3,민중서림
961,347,4,민중서림
962,347,7,민중서림
963,348,3,믿음문고
964,348,4,믿음문고
965,348,7,믿음문고
966,349,3,바람길
967,349,4,바람길
968,349,7,바람길
969,350,3,밝은책방
970,350,4,밝은책방
971,350,7,밝은책방
972,351,3,밤의서점
973,351,4,밤의서점
974,351,7,밤의서점
975,352,3,배화우리서점
976,352,4,배화우리서점
977,352,7,배화우리서점
978,353,3,번동문고
979,353,4,번동문고
980,353,7,번동문고
981,354,3,법문서적
982,354,4,법문서적
983,354,7,법문서적
984,355,3,별책방(구예스서점)
985,355,4,별책방(구예스서점)
986,355,7,별책방(구예스서점)
987,356,3,별책부록
988,356,4,별책부록
989,356,7,별책부록
990,357,3,보안책방
991,357,4,보안책방
992,357,7,보안책방
993,358,3,본동서적
994,358,4,본동서적
995,358,7,본동서적
996,359,3,부비프
997,359,4,부비프
998,359,7,부비프
999,360,3,북데이423
1000,360,4,북데이423
1001,360,7,북데이423
1002,361,3,북바이북
1003,361,4,북바이북
1004,361,7,북바이북
1005,362,3,북새통문고
1006,362,4,북새통문고
1007,362,7,북새통문고
1008,363,3,북스리브로(구로점)
1009,363,4,북스리브로(구로점)
1010,363,7,북스리브로(구로점)
1011,364,3,북스리브로(상봉점)
1012,364,4,북스리브로(상봉점)
1013,364,7,북스리브로(상봉점)
1014,365,3,북스토어17
1015,365,4,북스토어17
1016,365,7,북스토어17
1017,366,3,북스피리언스
1018,366,4,북스피리언스
1019,366,7,북스피리언스
1020,367,3,북촌책방
1021,367,4,북촌책방
1022,367,7,북촌책방
1023,368,3,북커스
1024,368,4,북커스
1025,368,7,북커스
1026,369,3,북티크
1027,369,4,북티크
1028,369,7,북티크
1029,370,3,비건책방 서울
1030,370,4,비건책방 서울
1031,370,7,비건책방 서울
1032,371,3,비엥북스
1033,371,4,비엥북스
1034,371,7,비엥북스
1035,372,3,비플랫폼(B-Platform)
1036,372,4,비플랫폼(B-Platform)
1037,372,7,비플랫폼(B-Platform)
1038,373,3,비화림
1039,373,4,비화림
1040,373,7,비화림
1041,374,3,사가정문고
1042,374,4,사가정문고
1043,374,7,사가정문고
1044,375,3,사슴책방(성산점)
1045,375,4,사슴책방(성산점)
1046,375,7,사슴책방(성산점)
1047,376,3,사유의 사유
1048,376,4,사유의 사유
1049,376,7,사유의 사유
1050,377,3,사진책방 고래
1051,377,4,사진책방 고래
1052,377,7,사진책방 고래
1053,378,3,사해책방 
1054,378,4,사해책방 
1055,378,7,사해책방 
1056,379,3,산책자
1057,379,4,산책자
1058,379,7,산책자
1059,380,3,살롱 도스또옙스끼
1060,380,4,살롱 도스또옙스끼
1061,380,7,살롱 도스또옙스끼
1062,381,3,살롱드북
1063,381,4,살롱드북
1064,381,7,살롱드북
1065,382,3,삼보서점문구
1066,382,4,삼보서점문구
1067,382,7,삼보서점문구
1068,383,3,상상하는 삐삐
1069,383,4,상상하는 삐삐
1070,383,7,상상하는 삐삐
1071,384,3,상암누리문고
1072,384,4,상암누리문고
1073,384,7,상암누리문고
1074,385,3,새고서림
1075,385,4,새고서림
1076,385,7,새고서림
1077,386,3,새벽감성1집
1078,386,4,새벽감성1집
1079,386,7,새벽감성1집
1080,387,3,서문서점
1081,387,4,서문서점
1082,387,7,서문서점
1083,388,3,서사 당신의 서재
1084,388,4,서사 당신의 서재
1085,388,7,서사 당신의 서재
1086,389,3,서울 셀렉션
1087,389,4,서울 셀렉션
1088,389,7,서울 셀렉션
1089,390,3,서울의 시간을 그리다
1090,390,4,서울의 시간을 그리다
1091,390,7,서울의 시간을 그리다
1092,391,3,서울책보고
1093,391,4,서울책보고
1094,391,7,서울책보고
1095,392,3,서일서적
1096,392,4,서일서적
1097,392,7,서일서적
1098,393,3,서적백화점
1099,393,4,서적백화점
1100,393,7,서적백화점
1101,394,3,서점 리스본
1102,394,4,서점 리스본
1103,394,7,서점 리스본
1104,395,3,서점 정치발전소
1105,395,4,서점 정치발전소
1106,395,7,서점 정치발전소
1107,396,3,서점극장 라블레
1108,396,4,서점극장 라블레
1109,396,7,서점극장 라블레
1110,397,3,서촌 그 책방
1111,397,4,서촌 그 책방
1112,397,7,서촌 그 책방
1113,398,3,서향관
1114,398,4,서향관
1115,398,7,서향관
1116,399,3,석계문고
1117,399,4,석계문고
1118,399,7,석계문고
1119,400,3,선경문고
1120,400,4,선경문고
1121,400,7,선경문고
1122,401,3,선문고(선서적)
1123,401,4,선문고(선서적)
1124,401,7,선문고(선서적)
1125,402,3,선유서가
1126,402,4,선유서가
1127,402,7,선유서가
1128,403,3,성북동책방
1129,403,4,성북동책방
1130,403,7,성북동책방
1131,404,3,세륜서점
1132,404,4,세륜서점
1133,404,7,세륜서점
1134,405,3,세신서점
1135,405,4,세신서점
1136,405,7,세신서점
1137,406,3,세화서점
1138,406,4,세화서점
1139,406,7,세화서점
1140,407,3,세화영어서점
1141,407,4,세화영어서점
1142,407,7,세화영어서점
1143,408,3,소수책방
1144,408,4,소수책방
1145,408,7,소수책방
1146,409,3,소요서가
1147,409,4,소요서가
1148,409,7,소요서가
1149,410,3,소원책담
1150,410,4,소원책담
1151,410,7,소원책담
1152,411,3,송파문고
1153,411,4,송파문고
1154,411,7,송파문고
1155,412,3,수도서림
1156,412,4,수도서림
1157,412,7,수도서림
1158,413,3,수수책방
1159,413,4,수수책방
1160,413,7,수수책방
1161,414,3,수수한 책방
1162,414,4,수수한 책방
1163,414,7,수수한 책방
1164,415,3,순정책방
1165,415,4,순정책방
1166,415,7,순정책방
1167,416,3,숨어있는 책
1168,416,4,숨어있는 책
1169,416,7,숨어있는 책
1170,417,3,스타더스트
1171,417,4,스타더스트
1172,417,7,스타더스트
1173,418,3,스토리지북앤필름
1174,418,4,스토리지북앤필름
1175,418,7,스토리지북앤필름
1176,419,3,스토리지북앤필름(로터리점)
1177,419,4,스토리지북앤필름(로터리점)
1178,419,7,스토리지북앤필름(로터리점)
1179,420,3,스토리지북앤필름(후암점)
1180,420,4,스토리지북앤필름(후암점)
1181,420,7,스토리지북앤필름(후암점)
1182,421,3,스프링 플레어
1183,421,4,스프링 플레어
1184,421,7,스프링 플레어
1185,422,3,시인서점
1186,422,4,시인서점
1187,422,7,시인서점
1188,423,3,시절인연
1189,423,4,시절인연
1190,423,7,시절인연
1191,424,3,신고서점
1192,424,4,신고서점
1193,424,7,신고서점
1194,425,3,신공손서점
1195,425,4,신공손서점
1196,425,7,신공손서점
1197,426,3,신동아문고
1198,426,4,신동아문고
1199,426,7,신동아문고
1200,427,3,신목서점
1201,427,4,신목서점
1202,427,7,신목서점
1203,428,3,신협서점
1204,428,4,신협서점
1205,428,7,신협서점
1206,429,3,심지전문서적
1207,429,4,심지전문서적
1208,429,7,심지전문서적
1209,430,3,쎄임더스트
1210,430,4,쎄임더스트
1211,430,7,쎄임더스트
1212,431,3,쏘피아 서점
1213,431,4,쏘피아 서점
1214,431,7,쏘피아 서점
1215,432,3,쓸모의 발견
1216,432,4,쓸모의 발견
1217,432,7,쓸모의 발견
1218,433,3,아인서점
1219,433,4,아인서점
1220,433,7,아인서점
1221,434,3,아직 독립 못 한 책방
1222,434,4,아직 독립 못 한 책방
1223,434,7,아직 독립 못 한 책방
1224,435,3,아침달 북스토어
1225,435,4,아침달 북스토어
1226,435,7,아침달 북스토어
1227,436,3,아크앤북(이마트 더타운몰 월계점)
1228,436,4,아크앤북(이마트 더타운몰 월계점)
1229,436,7,아크앤북(이마트 더타운몰 월계점)
1230,437,3,아크앤북(이태원점)
1231,437,4,아크앤북(이태원점)
1232,437,7,아크앤북(이태원점)
1233,438,3,아크앤북(잠실 롯데월드몰점)
1234,438,4,아크앤북(잠실 롯데월드몰점)
1235,438,7,아크앤북(잠실 롯데월드몰점)
1236,439,3,아크앤북(현대 신촌점)
1237,439,4,아크앤북(현대 신촌점)
1238,439,7,아크앤북(현대 신촌점)
1239,440,3,악어책방
1240,440,4,악어책방
1241,440,7,악어책방
1242,441,3,알라딘 중고매장(가로수길점)
1243,441,4,알라딘 중고매장(가로수길점)
1244,441,7,알라딘 중고매장(가로수길점)
1245,442,3,알라딘 중고매장(강남점)
1246,442,4,알라딘 중고매장(강남점)
1247,442,7,알라딘 중고매장(강남점)
1248,443,3,알라딘 중고매장(강서홈플러스점)
1249,443,4,알라딘 중고매장(강서홈플러스점)
1250,443,7,알라딘 중고매장(강서홈플러스점)
1251,444,3,알라딘 중고매장(건대점)
1252,444,4,알라딘 중고매장(건대점)
1253,444,7,알라딘 중고매장(건대점)
1254,445,3,알라딘 중고매장(노원역점)
1255,445,4,알라딘 중고매장(노원역점)
1256,445,7,알라딘 중고매장(노원역점)
1257,446,3,알라딘 중고매장(대학로점)
1258,446,4,알라딘 중고매장(대학로점)
1259,446,7,알라딘 중고매장(대학로점)
1260,447,3,알라딘 중고매장(서울대입구역점)
1261,447,4,알라딘 중고매장(서울대입구역점)
1262,447,7,알라딘 중고매장(서울대입구역점)
1263,448,3,알라딘 중고매장(수유점)
1264,448,4,알라딘 중고매장(수유점)
1265,448,7,알라딘 중고매장(수유점)
1266,449,3,알라딘 중고매장(신림점)
1267,449,4,알라딘 중고매장(신림점)
1268,449,7,알라딘 중고매장(신림점)
1269,450,3,알라딘 중고매장(신촌점)
1270,450,4,알라딘 중고매장(신촌점)
1271,450,7,알라딘 중고매장(신촌점)
1272,451,3,알라딘 중고매장(이수역점)
1273,451,4,알라딘 중고매장(이수역점)
1274,451,7,알라딘 중고매장(이수역점)
1275,452,3,알라딘 중고매장(잠실롯데월드타워점)
1276,452,4,알라딘 중고매장(잠실롯데월드타워점)
1277,452,7,알라딘 중고매장(잠실롯데월드타워점)
1278,453,3,알라딘 중고매장(잠실새내역점)
1279,453,4,알라딘 중고매장(잠실새내역점)
1280,453,7,알라딘 중고매장(잠실새내역점)
1281,454,3,알라딘 중고매장(종로점)
1282,454,4,알라딘 중고매장(종로점)
1283,454,7,알라딘 중고매장(종로점)
1284,455,3,알라딘 중고매장(합정점)
1285,455,4,알라딘 중고매장(합정점)
1286,455,7,알라딘 중고매장(합정점)
1287,456,3,알지문구서점
1288,456,4,알지문구서점
1289,456,7,알지문구서점
1290,457,3,알키미스타
1291,457,4,알키미스타
1292,457,7,알키미스타
1293,458,3,양지서점
1294,458,4,양지서점
1295,458,7,양지서점
1296,459,3,양지서점
1297,459,4,양지서점
1298,459,7,양지서점
1299,460,3,어나더더블유
1300,460,4,어나더더블유
1301,460,7,어나더더블유
1302,461,3,어쩌다 산책
1303,461,4,어쩌다 산책
1304,461,7,어쩌다 산책
1305,462,3,어쩌다책방
1306,462,4,어쩌다책방
1307,462,7,어쩌다책방
1308,463,3,에덴서점
1309,463,4,에덴서점
1310,463,7,에덴서점
1311,464,3,에이포서점
1312,464,4,에이포서점
1313,464,7,에이포서점
1314,465,3,엠프티폴더스
1315,465,4,엠프티폴더스
1316,465,7,엠프티폴더스
1317,466,3,여기서울 149쪽
1318,466,4,여기서울 149쪽
1319,466,7,여기서울 149쪽
1320,467,3,역사책방
1321,467,4,역사책방
1322,467,7,역사책방
1323,468,3,연신내문고
1324,468,4,연신내문고
1325,468,7,연신내문고
1326,469,3,연희서점
1327,469,4,연희서점
1328,469,7,연희서점
1329,470,3,열린책방
1330,470,4,열린책방
1331,470,7,열린책방
1332,471,3,영광서점
1333,471,4,영광서점
1334,471,7,영광서점
1335,472,3,영일서점
1336,472,4,영일서점
1337,472,7,영일서점
1338,473,3,영파문고
1339,473,4,영파문고
1340,473,7,영파문고
1341,474,3,영풍문고(가산마리오점)
1342,474,4,영풍문고(가산마리오점)
1343,474,7,영풍문고(가산마리오점)
1344,475,3,영풍문고(강남역점)
1345,475,4,영풍문고(강남역점)
1346,475,7,영풍문고(강남역점)
1347,476,3,영풍문고(강남포스코점)
1348,476,4,영풍문고(강남포스코점)
1349,476,7,영풍문고(강남포스코점)
1350,477,3,영풍문고(김포공항롯데점)
1351,477,4,영풍문고(김포공항롯데점)
1352,477,7,영풍문고(김포공항롯데점)
1353,478,3,영풍문고(스타필드코엑스몰점)
1354,478,4,영풍문고(스타필드코엑스몰점)
1355,478,7,영풍문고(스타필드코엑스몰점)
1356,479,3,영풍문고(왕십리역점)
1357,479,4,영풍문고(왕십리역점)
1358,479,7,영풍문고(왕십리역점)
1359,480,3,영풍문고(홍대점)
1360,480,4,영풍문고(홍대점)
1361,480,7,영풍문고(홍대점)
1362,481,3,예나글방
1363,481,4,예나글방
1364,481,7,예나글방
1365,482,3,예람서점
1366,482,4,예람서점
1367,482,7,예람서점
1368,483,3,예림문고
1369,483,4,예림문고
1370,483,7,예림문고
1371,484,3,예일문고
1372,484,4,예일문고
1373,484,7,예일문고
1374,485,3,오에프알
1375,485,4,오에프알
1376,485,7,오에프알
1377,486,3,오프 투 얼론(off to alone)
1378,486,4,오프 투 얼론(off to alone)
1379,486,7,오프 투 얼론(off to alone)
1380,487,3,옥수서재
1381,487,4,옥수서재
1382,487,7,옥수서재
1383,488,3,온고당서점
1384,488,4,온고당서점
1385,488,7,온고당서점
1386,489,3,올오어낫싱
1387,489,4,올오어낫싱
1388,489,7,올오어낫싱
1389,490,3,월드문고
1390,490,4,월드문고
1391,490,7,월드문고
1392,491,3,월촌문고
1393,491,4,월촌문고
1394,491,7,월촌문고
1395,492,3,위트 앤 시니컬
1396,492,4,위트 앤 시니컬
1397,492,7,위트 앤 시니컬
1398,493,3,유어마인드
1399,493,4,유어마인드
1400,493,7,유어마인드
1401,494,3,유한서적
1402,494,4,유한서적
1403,494,7,유한서적
1404,495,3,은마서적
1405,495,4,은마서적
1406,495,7,은마서적
1407,496,3,이그잼플러스
1408,496,4,이그잼플러스
1409,496,7,이그잼플러스
1410,497,3,이라선
1411,497,4,이라선
1412,497,7,이라선
1413,498,3,이레서적
1414,498,4,이레서적
1415,498,7,이레서적
1416,499,3,이루리북스(구 프레드릭북스)
1417,499,4,이루리북스(구 프레드릭북스)
1418,499,7,이루리북스(구 프레드릭북스)
1419,500,3,이상한 나라의 헌책방
1420,500,4,이상한 나라의 헌책방
1421,500,7,이상한 나라의 헌책방
1422,501,3,이후북스
1423,501,4,이후북스
1424,501,7,이후북스
1425,502,3,인덱스숍
1426,502,4,인덱스숍
1427,502,7,인덱스숍
1428,503,3,일단불온 
1429,503,4,일단불온 
1430,503,7,일단불온 
1431,504,3,일등문고
1432,504,4,일등문고
1433,504,7,일등문고
1434,505,3,일신서점
1435,505,4,일신서점
1436,505,7,일신서점
1437,506,3,일일호일
1438,506,4,일일호일
1439,506,7,일일호일
1440,507,3,잉크앤페더
1441,507,4,잉크앤페더
1442,507,7,잉크앤페더
1443,508,3,자각몽
1444,508,4,자각몽
1445,508,7,자각몽
1446,509,3,자고로
1447,509,4,자고로
1448,509,7,자고로
1449,510,3,자상한시간
1450,510,4,자상한시간
1451,510,7,자상한시간
1452,511,3,작업책방 씀
1453,511,4,작업책방 씀
1454,511,7,작업책방 씀
1455,512,3,장미문고
1456,512,4,장미문고
1457,512,7,장미문고
1458,513,3,장안현대문고
1459,513,4,장안현대문고
1460,513,7,장안현대문고
1461,514,3,정연재
1462,514,4,정연재
1463,514,7,정연재
1464,515,3,정은도서
1465,515,4,정은도서
1466,515,7,정은도서
1467,516,3,정은서점
1468,516,4,정은서점
1469,516,7,정은서점
1470,517,3,제로헌드레드
1471,517,4,제로헌드레드
1472,517,7,제로헌드레드
1473,518,3,조은이책
1474,518,4,조은이책
1475,518,7,조은이책
1476,519,3,종로문고
1477,519,4,종로문고
1478,519,7,종로문고
1479,520,3,종로서적
1480,520,4,종로서적
1481,520,7,종로서적
1482,521,3,종암문고
1483,521,4,종암문고
1484,521,7,종암문고
1485,522,3,좋은책많은데
1486,522,4,좋은책많은데
1487,522,7,좋은책많은데
1488,523,3,중곡서점
1489,523,4,중곡서점
1490,523,7,중곡서점
1491,524,3,중국서점
1492,524,4,중국서점
1493,524,7,중국서점
1494,525,3,중랑중고책갤러리
1495,525,4,중랑중고책갤러리
1496,525,7,중랑중고책갤러리
1497,526,3,중화서국
1498,526,4,중화서국
1499,526,7,중화서국
1500,527,3,지구불시착
1501,527,4,지구불시착
1502,527,7,지구불시착
1503,528,3,지금의세상
1504,528,4,지금의세상
1505,528,7,지금의세상
1506,529,3,지식을담다
1507,529,4,지식을담다
1508,529,7,지식을담다
1509,530,3,진부책방스튜디오
1510,530,4,진부책방스튜디오
1511,530,7,진부책방스튜디오
1512,531,3,진영문고
1513,531,4,진영문고
1514,531,7,진영문고
1515,532,3,진학서점
1516,532,4,진학서점
1517,532,7,진학서점
1518,533,3,차일드북앤토이
1519,533,4,차일드북앤토이
1520,533,7,차일드북앤토이
1521,534,3,창문사
1522,534,4,창문사
1523,534,7,창문사
1524,535,3,창문서점
1525,535,4,창문서점
1526,535,7,창문서점
1527,536,3,채그로
1528,536,4,채그로
1529,536,7,채그로
1530,537,3,채플린문구와서점
1531,537,4,채플린문구와서점
1532,537,7,채플린문구와서점
1533,538,3,책가도
1534,538,4,책가도
1535,538,7,책가도
1536,539,3,책과얽힘
1537,539,4,책과얽힘
1538,539,7,책과얽힘
1539,540,3,책그리고
1540,540,4,책그리고
1541,540,7,책그리고
1542,541,3,책마을서점
1543,541,4,책마을서점
1544,541,7,책마을서점
1545,542,3,책바
1546,542,4,책바
1547,542,7,책바
1548,543,3,책방 봄
1549,543,4,책방 봄
1550,543,7,책방 봄
1551,544,3,책방 사춘기
1552,544,4,책방 사춘기
1553,544,7,책방 사춘기
1554,545,3,책방 시나브로
1555,545,4,책방 시나브로
1556,545,7,책방 시나브로
1557,546,3,책방 이올시다
1558,546,4,책방 이올시다
1559,546,7,책방 이올시다
1560,547,3,책방 죄책감
1561,547,4,책방 죄책감
1562,547,7,책방 죄책감
1563,548,3,책방곱셈
1564,548,4,책방곱셈
1565,548,7,책방곱셈
1566,549,3,책방공책
1567,549,4,책방공책
1568,549,7,책방공책
1569,550,3,책방서로
1570,550,4,책방서로
1571,550,7,책방서로
1572,551,3,책방연희
1573,551,4,책방연희
1574,551,7,책방연희
1575,552,3,책보냥
1576,552,4,책보냥
1577,552,7,책보냥
1578,553,3,책빵 중고서점
1579,553,4,책빵 중고서점
1580,553,7,책빵 중고서점
1581,554,3,책의기분
1582,554,4,책의기분
1583,554,7,책의기분
1584,555,3,책의향기서점
1585,555,4,책의향기서점
1586,555,7,책의향기서점
1587,556,3,책이는당나귀
1588,556,4,책이는당나귀
1589,556,7,책이는당나귀
1590,557,3,책익다
1591,557,4,책익다
1592,557,7,책익다
1593,558,3,책인감
1594,558,4,책인감
1595,558,7,책인감
1596,559,3,책읽는마을
1597,559,4,책읽는마을
1598,559,7,책읽는마을
1599,560,3,책크인
1600,560,4,책크인
1601,560,7,책크인
1602,561,3,청계천서점
1603,561,4,청계천서점
1604,561,7,청계천서점
1605,562,3,청맥살롱
1606,562,4,청맥살롱
1607,562,7,청맥살롱
1608,563,3,초방책방
1609,563,4,초방책방
1610,563,7,초방책방
1611,564,3,초콜릿책방
1612,564,4,초콜릿책방
1613,564,7,초콜릿책방
1614,565,3,카모메그림책방
1615,565,4,카모메그림책방
1616,565,7,카모메그림책방
1617,566,3,커넥티드북스토어 더 세운
1618,566,4,커넥티드북스토어 더 세운
1619,566,7,커넥티드북스토어 더 세운
1620,567,3,커넥티드북스토어 더 을지
1621,567,4,커넥티드북스토어 더 을지
1622,567,7,커넥티드북스토어 더 을지
1623,568,3,커넥티드플래그십스토어
1624,568,4,커넥티드플래그십스토어
1625,568,7,커넥티드플래그십스토어
1626,569,3,코믹갤러리
1627,569,4,코믹갤러리
1628,569,7,코믹갤러리
1629,570,3,코믹시티 성신북스
1630,570,4,코믹시티 성신북스
1631,570,7,코믹시티 성신북스
1632,571,3,코믹존
1633,571,4,코믹존
1634,571,7,코믹존
1635,572,3,콕콕콕
1636,572,4,콕콕콕
1637,572,7,콕콕콕
1638,573,3,쿨디가
1639,573,4,쿨디가
1640,573,7,쿨디가
1641,574,3,클래식책방
1642,574,4,클래식책방
1643,574,7,클래식책방
1644,575,3,토리헌책방
1645,575,4,토리헌책방
1646,575,7,토리헌책방
1647,576,3,톨쉽북스토어
1648,576,4,톨쉽북스토어
1649,576,7,톨쉽북스토어
1650,577,3,통문관
1651,577,4,통문관
1652,577,7,통문관
1653,578,3,트립북앤스페이스
1654,578,4,트립북앤스페이스
1655,578,7,트립북앤스페이스
1656,579,3,페이퍼 뮤즈
1657,579,4,페이퍼 뮤즈
1658,579,7,페이퍼 뮤즈
1659,580,3,페잇퍼
1660,580,4,페잇퍼
1661,580,7,페잇퍼
1662,581,3,평화서림
1663,581,4,평화서림
1664,581,7,평화서림
1665,582,3,포스트 포에틱스
1666,582,4,포스트 포에틱스
1667,582,7,포스트 포에틱스
1668,583,3,풀무질
1669,583,4,풀무질
1670,583,7,풀무질
1671,584,3,프라임 서점
1672,584,4,프라임 서점
1673,584,7,프라임 서점
1674,585,3,프루스트의 서재
1675,585,4,프루스트의 서재
1676,585,7,프루스트의 서재
1677,586,3,피스북스
1678,586,4,피스북스
1679,586,7,피스북스
1680,587,3,핏어팻(PIT A PAT)
1681,587,4,핏어팻(PIT A PAT)
1682,587,7,핏어팻(PIT A PAT)
1683,588,3,하우스북스
1684,588,4,하우스북스
1685,588,7,하우스북스
1686,589,3,학문서점
1687,589,4,학문서점
1688,589,7,학문서점
1689,590,3,학창문고
1690,590,4,학창문고
1691,590,7,학창문고
1692,591,3,한권의 서점
1693,591,4,한권의 서점
1694,591,7,한권의 서점
1695,592,3,한글파크서점
1696,592,4,한글파크서점
1697,592,7,한글파크서점
1698,593,3,한길서적
1699,593,4,한길서적
1700,593,7,한길서적
1701,594,3,한길서적 숭실대점
1702,594,4,한길서적 숭실대점
1703,594,7,한길서적 숭실대점
1704,595,3,한길서점
1705,595,4,한길서점
1706,595,7,한길서점
1707,596,3,한나책방
1708,596,4,한나책방
1709,596,7,한나책방
1710,597,3,한림사
1711,597,4,한림사
1712,597,7,한림사
1713,598,3,한미문화사
1714,598,4,한미문화사
1715,598,7,한미문화사
1716,599,3,한보책문구(한보문고)
1717,599,4,한보책문구(한보문고)
1718,599,7,한보책문구(한보문고)
1719,600,3,한솔문고
1720,600,4,한솔문고
1721,600,7,한솔문고
1722,601,3,한솔문고
1723,601,4,한솔문고
1724,601,7,한솔문고
1725,602,3,한우리문고
1726,602,4,한우리문고
1727,602,7,한우리문고
1728,603,3,한티서점
1729,603,4,한티서점
1730,603,7,한티서점
1731,604,3,한평책빵
1732,604,4,한평책빵
1733,604,7,한평책빵
1734,605,3,함양서림
1735,605,4,함양서림
1736,605,7,함양서림
1737,606,3,햇빛문고 목동본점
1738,606,4,햇빛문고 목동본점
1739,606,7,햇빛문고 목동본점
1740,607,3,햇살속으로
1741,607,4,햇살속으로
1742,607,7,햇살속으로
1743,608,3,행복한글간
1744,608,4,행복한글간
1745,608,7,행복한글간
1746,609,3,행운서점
1747,609,4,행운서점
1748,609,7,행운서점
1749,610,3,향기나무
1750,610,4,향기나무
1751,610,7,향기나무
1752,611,3,헬로인디북스
1753,611,4,헬로인디북스
1754,611,7,헬로인디북스
1755,612,3,현대문고
1756,612,4,현대문고
1757,612,7,현대문고
1758,613,3,현대서점문구
1759,613,4,현대서점문구
1760,613,7,현대서점문구
1761,614,3,현대책서점
1762,614,4,현대책서점
1763,614,7,현대책서점
1764,615,3,형제서점
1765,615,4,형제서점
1766,615,7,형제서점
1767,616,3,형제책서점
1768,616,4,형제책서점
1769,616,7,형제책서점
1770,617,3,호박이넝쿨책
1771,617,4,호박이넝쿨책
1772,617,7,호박이넝쿨책
1773,618,3,호수책장
1774,618,4,호수책장
1775,618,7,호수책장
1776,619,3,홀로서기
1777,619,4,홀로서기
1778,619,7,홀로서기
1779,620,3,홈통
1780,620,4,홈통
1781,620,7,홈통
1782,621,3,홍익도서
1783,621,4,홍익도서
1784,621,7,홍익도서
1785,622,3,홍익문고
1786,622,4,홍익문고
1787,622,7,홍익문고
1788,623,3,홍제문고
1789,623,4,홍제문고
1790,623,7,홍제문고
1791,624,3,화랑문고
1792,624,4,화랑문고
1793,624,7,화랑문고
1794,625,3,환일서점
1795,625,4,환일서점
1796,625,7,환일서점
1797,626,3,황룡서점
1798,626,4,황룡서점
1799,626,7,황룡서점
1800,627,3,황룡서점
1801,627,4,황룡서점
1802,627,7,황룡서점
1803,628,3,흙서점
1804,628,4,흙서점
1805,628,7,흙서점
1806,629,3,흥인서점
1807,629,4,흥인서점
1808,629,7,흥인서점
1809,630,3,희망문고
1810,630,4,희망문고
1811,630,7,희망문고
1812,631,2,딕펑스×두번째달_Spice of life
1813,631,7,딕펑스×두번째달_Spice of life
1814,632,3,서울일러스트레이션페어V.16
1815,632,7,서울일러스트레이션페어V.16
1816,633,2,2023 마포아트센터 송년콘서트 [나윤선 ANOTHER CHRISTMAS]
1817,633,7,2023 마포아트센터 송년콘서트 [나윤선 ANOTHER CHRISTMAS]
1818,634,2,2023 M 송년시리즈 발레 [호두까기 인형]
1819,634,7,2023 M 송년시리즈 발레 [호두까기 인형]
1820,635,2,"[서울시합창단 제 167회 정기연주회] 헨델, 오라토리오 메시아"
1821,635,7,"[서울시합창단 제 167회 정기연주회] 헨델, 오라토리오 메시아"
1822,636,2,"[2023 카즈미 타테이시 트리오 내한공연] 크리스마스, 재즈를 만나다"
1823,636,7,"[2023 카즈미 타테이시 트리오 내한공연] 크리스마스, 재즈를 만나다"
1824,637,2,[너나나시리즈] 국악뮤지컬 제비씨의 크리스마스
1825,637,7,[너나나시리즈] 국악뮤지컬 제비씨의 크리스마스
1826,637,5,[너나나시리즈] 국악뮤지컬 제비씨의 크리스마스
1827,638,2,[서울마포음악창작소] 2023 M 인디열전 ♪ EXTENSION 공연
1828,638,7,[서울마포음악창작소] 2023 M 인디열전 ♪ EXTENSION 공연
1829,639,3,서울시립미술관 [우리가 모여 산을 이루는 이야기]
1830,639,7,서울시립미술관 [우리가 모여 산을 이루는 이야기]
1831,639,4,서울시립미술관 [우리가 모여 산을 이루는 이야기]
1832,640,2,[M클래식 축제] 마포공연예술관광페스티벌 [타케자와 유토 피아노 리사이틀]
1833,640,7,[M클래식 축제] 마포공연예술관광페스티벌 [타케자와 유토 피아노 리사이틀]
1834,641,2,2023 믹스드 오케스트라 Ⅱ [소리의 색채]
1835,641,7,2023 믹스드 오케스트라 Ⅱ [소리의 색채]
1836,642,2,[M클래식 축제] 마포공연예술관광페스티벌 킷 암스트롱 피아노 리사이틀
1837,642,7,[M클래식 축제] 마포공연예술관광페스티벌 킷 암스트롱 피아노 리사이틀
1838,643,2, M 아티스트 2023 김도현 피아노 리사이틀 II
1839,643,7, M 아티스트 2023 김도현 피아노 리사이틀 II
1840,644,2,선우예권&국립슬로박필하모닉오케스트라
1841,644,7,선우예권&국립슬로박필하모닉오케스트라
1842,645,2,[서울시립교향악단] 2023 서울시향 얍 판 츠베덴의 베토벤 삼중 협주곡 ①
1843,645,7,[서울시립교향악단] 2023 서울시향 얍 판 츠베덴의 베토벤 삼중 협주곡 ①
1844,646,2,"2023 국악대학전 내일의 예인 홍솔휘, 이가현가단"
1845,646,7,"2023 국악대학전 내일의 예인 홍솔휘, 이가현가단"
1846,646,5,"2023 국악대학전 내일의 예인 홍솔휘, 이가현가단"
1847,647,2,"2023 국악대학전 내일의 예인 윤주연, 신별하"
1848,647,7,"2023 국악대학전 내일의 예인 윤주연, 신별하"
1849,647,5,"2023 국악대학전 내일의 예인 윤주연, 신별하"
1850,648,2,뮌헨 필하모닉 내한공연
1851,648,7,뮌헨 필하모닉 내한공연
1852,649,3,2023 세종미술관 기획전시 [필묵변혁-송수남 황창배]
1853,649,7,2023 세종미술관 기획전시 [필묵변혁-송수남 황창배]
1854,649,4,2023 세종미술관 기획전시 [필묵변혁-송수남 황창배]
1855,650,2,브런치콘서트 [이달의 공연] 11월 클래식과 재즈의 더 배틀
1856,650,7,브런치콘서트 [이달의 공연] 11월 클래식과 재즈의 더 배틀
1857,651,2,"2023 국악대학전 내일의 예인 김은유, 이수흔"
1858,651,7,"2023 국악대학전 내일의 예인 김은유, 이수흔"
1859,651,5,"2023 국악대학전 내일의 예인 김은유, 이수흔"
1860,652,2,[중구문화재단] 월요극장4 - 뷰티풀 데이즈 with V.O.S
1861,652,7,[중구문화재단] 월요극장4 - 뷰티풀 데이즈 with V.O.S
1862,653,2,[영등포문화재단] 가족극장 뮤지컬 앤ANNE
1863,653,7,[영등포문화재단] 가족극장 뮤지컬 앤ANNE
1864,654,2,[구로문화재단 팝페라 콘서트] 팝페라 그룹 포엣
1865,654,7,[구로문화재단 팝페라 콘서트] 팝페라 그룹 포엣
1866,655,2,[서울시립교향악단] 2023 서울시향 얍 판 츠베덴의 쇼스타코비치 교향곡 5번 ①
1867,655,7,[서울시립교향악단] 2023 서울시향 얍 판 츠베덴의 쇼스타코비치 교향곡 5번 ①
1868,656,2,[강북문화재단] 마티네콘서트 Ⅲ 유니크클래식 with 반도네온 (고상지)
1869,656,7,[강북문화재단] 마티네콘서트 Ⅲ 유니크클래식 with 반도네온 (고상지)
1870,657,2,"이고르 레비트, 피아노 리사이틀"
1871,657,7,"이고르 레비트, 피아노 리사이틀"
1872,658,2,뮤지컬 [몬테크리스토]
1873,658,7,뮤지컬 [몬테크리스토]
1874,659,2,2023 이병우 기타 콘서트 -  다가오는 심장 소리
1875,659,7,2023 이병우 기타 콘서트 -  다가오는 심장 소리
1876,660,2,완창여정프로젝트 : 이해원의 심청가 판소리공장 바닥소리
1877,660,7,완창여정프로젝트 : 이해원의 심청가 판소리공장 바닥소리
1878,661,2,[서울시립교향악단] 2023 서울시향 실내악 시리즈 IV : 관악 앙상블
1879,661,7,[서울시립교향악단] 2023 서울시향 실내악 시리즈 IV : 관악 앙상블
1880,662,2, 차이코프스키 동화음악극 [미녀와 야수]
1881,662,7, 차이코프스키 동화음악극 [미녀와 야수]
1882,663,2,[금천문화재단] 오셀로와 이아고
1883,663,7,[금천문화재단] 오셀로와 이아고
1884,664,4,"[온라인특강] 출산휴가, 육아휴직 즉문즉답"
1885,665,7,[서울생활문화센터 서교] 인문학정원 20세기 일본만화사
1886,666,2,2023 우리소리의 맥(脈)을 찾아서 특별기획 국악공연
1887,666,7,2023 우리소리의 맥(脈)을 찾아서 특별기획 국악공연
1888,666,5,2023 우리소리의 맥(脈)을 찾아서 특별기획 국악공연
1889,667,2,11월 문화가 흐르는 청계천의 밤
1890,667,7,11월 문화가 흐르는 청계천의 밤
1891,668,2,[서초문화재단] 뮤지컬 나도 해피엔딩을 쓰고 싶어
1892,668,7,[서초문화재단] 뮤지컬 나도 해피엔딩을 쓰고 싶어
1893,669,2,[서울시립교향악단] 2023 서울시향  우리동네 음악회(실내악)
1894,669,7,[서울시립교향악단] 2023 서울시향  우리동네 음악회(실내악)
1895,670,1,[2023년도 플레이업 아카데미 모집] 신체훈련 아카데미 [나에게 맞는 워밍업 루틴 만들기]
1896,670,3,[2023년도 플레이업 아카데미 모집] 신체훈련 아카데미 [나에게 맞는 워밍업 루틴 만들기]
1897,670,4,[2023년도 플레이업 아카데미 모집] 신체훈련 아카데미 [나에게 맞는 워밍업 루틴 만들기]
1898,671,3,[양천구청] 건강힐링센터 2023년 11월 원데이해빛 원데이 힐링프로그램
1899,671,4,[양천구청] 건강힐링센터 2023년 11월 원데이해빛 원데이 힐링프로그램
1900,672,1,2023 서울식물원 국제심포지엄
1901,672,3,2023 서울식물원 국제심포지엄
1902,673,1,[서울시립과학관] 11월 가족과 함께하는 바이오랩
1903,673,2,[서울시립과학관] 11월 가족과 함께하는 바이오랩
1904,674,4,[서울시청] 가족 스케이팅 교실
1905,675,1,[삼각산시민청] 2023년 시민기획단 연계 하반기 프로그램
1906,675,2,[삼각산시민청] 2023년 시민기획단 연계 하반기 프로그램
1907,675,4,[삼각산시민청] 2023년 시민기획단 연계 하반기 프로그램
1908,676,3,[시민청 공간공모 지원사업] 장소기억법
1909,676,7,[시민청 공간공모 지원사업] 장소기억법
1910,677,4,[2023 민주시민 아카데미] 2회차-세상은 묘지 위에 세워져 있다 
1911,678,2,제 20회 위튜티 윈드오케스트라 정기연주회
1912,678,7,제 20회 위튜티 윈드오케스트라 정기연주회
1913,679,2,[2023 성동문화마당] 소월아트홀에서 떠나는 국내 여행 콘서트
1914,679,7,[2023 성동문화마당] 소월아트홀에서 떠나는 국내 여행 콘서트
1915,680,2,[시민청] 2023 바스락콘서트 11월 공연
1916,680,7,[시민청] 2023 바스락콘서트 11월 공연
1917,681,2,"[2023 카즈미 타테이시 트리오 내한공연] 지브리, 재즈를 만나다(서울 강동)"
1918,681,7,"[2023 카즈미 타테이시 트리오 내한공연] 지브리, 재즈를 만나다(서울 강동)"
1919,682,4,[서울역사편찬원] 11월 엄마아빠와 함께하는 교과서 역사기행
1920,683,2,"[서울돈화문국악당] 길, Tea, Pleasure 월드뮤직그룹 공명"
1921,683,7,"[서울돈화문국악당] 길, Tea, Pleasure 월드뮤직그룹 공명"
1922,683,5,"[서울돈화문국악당] 길, Tea, Pleasure 월드뮤직그룹 공명"
1923,684,3,[서울생활사박물관] 서울 외식 이야기-오늘 뭐 먹지?
1924,684,7,[서울생활사박물관] 서울 외식 이야기-오늘 뭐 먹지?
1925,684,4,[서울생활사박물관] 서울 외식 이야기-오늘 뭐 먹지?
1926,685,3,서울융합예술페스티벌 [언폴드엑스(Unfold X) 2023: 달로 가는 정거장]
1927,685,7,서울융합예술페스티벌 [언폴드엑스(Unfold X) 2023: 달로 가는 정거장]
1928,686,3,[광진문화재단] 나루의 발견 공존(共存)
1929,686,7,[광진문화재단] 나루의 발견 공존(共存)
1930,687,2,연극 [생일파티]
1931,687,7,연극 [생일파티]
1932,688,2,2023 서울시 찾아가는 유랑극단 [밥을 먹다]
1933,688,7,2023 서울시 찾아가는 유랑극단 [밥을 먹다]
1934,689,2,[2023 성동문화마당] 미술관으로 떠나는 해외 여행 콘서트
1935,689,7,[2023 성동문화마당] 미술관으로 떠나는 해외 여행 콘서트
1936,689,3,[2023 성동문화마당] 미술관으로 떠나는 해외 여행 콘서트
1937,689,4,[2023 성동문화마당] 미술관으로 떠나는 해외 여행 콘서트
1938,690,4,[마포구립서강도서관 11월] 2023년 읽는 인간 호모부커스 Ⅳ [사랑의 기술]
1939,691,2,[서울시립교향악단] 2023 퇴근길 토크 콘서트 Ⅲ : 음악으로 기억되는 영화 ②
1940,691,7,[서울시립교향악단] 2023 퇴근길 토크 콘서트 Ⅲ : 음악으로 기억되는 영화 ②
1941,692,3,워너브러더스 100주년 셀러브레이션
1942,692,7,워너브러더스 100주년 셀러브레이션
1943,693,3,DDP 협력전시 [PUSH KEYSTONE: 당신의 정체성을 입력하세요.]
1944,693,7,DDP 협력전시 [PUSH KEYSTONE: 당신의 정체성을 입력하세요.]
1945,694,4,2023 서울유니버설디자인 DAY [UD-DAY]
1946,695,2,해설이 있는 발레 [호두까기 인형]
1947,695,7,해설이 있는 발레 [호두까기 인형]
1948,696,2,[서초문화재단] 해설이 있는 발레 [호두까기 인형]
1949,696,7,[서초문화재단] 해설이 있는 발레 [호두까기 인형]
1950,697,3,[시민청 공간공모 지원사업] knitting the light
1951,697,7,[시민청 공간공모 지원사업] knitting the light
1952,698,2,제13회 서울배리어프리영화제
1953,698,7,제13회 서울배리어프리영화제
1954,699,2,"Piano Dynamism_김종윤, 양윤희, 김기경"
1955,699,7,"Piano Dynamism_김종윤, 양윤희, 김기경"
1956,700,2,[서울시립교향악단] 2023 퇴근길 토크 콘서트 Ⅲ : 음악으로 기억되는 영화 ①
1957,700,7,[서울시립교향악단] 2023 퇴근길 토크 콘서트 Ⅲ : 음악으로 기억되는 영화 ①
1958,701,2,[마포문화재단] 2023 방방곡곡 문화공감사업 [모던가곡] #6. 첫사랑
1959,701,7,[마포문화재단] 2023 방방곡곡 문화공감사업 [모던가곡] #6. 첫사랑
1960,702,2,서울시여성콘서트합창단 제6회 정기연주회
1961,702,7,서울시여성콘서트합창단 제6회 정기연주회
1962,703,3,[시민청 공간공모 지원사업] 드로잉 사진 - 신청곡
1963,703,7,[시민청 공간공모 지원사업] 드로잉 사진 - 신청곡
1964,704,2,"[2023 카즈미 타테이시 트리오 내한공연] 지브리, 재즈를 만나다(서울 강남)"
1965,704,7,"[2023 카즈미 타테이시 트리오 내한공연] 지브리, 재즈를 만나다(서울 강남)"
1966,705,2,"Piano Dynamism_정다현, 박진우, 이정은, 신민철"
1967,705,7,"Piano Dynamism_정다현, 박진우, 이정은, 신민철"
1968,706,2,2023 한성백제박물관 사계콘서트 [겨울]
1969,706,7,2023 한성백제박물관 사계콘서트 [겨울]
1970,706,3,2023 한성백제박물관 사계콘서트 [겨울]
1971,706,4,2023 한성백제박물관 사계콘서트 [겨울]
1972,707,2,차이콥스키 & 피아졸라의 [사계]
1973,707,7,차이콥스키 & 피아졸라의 [사계]
1974,708,3,[서울공예박물관] 소장품 연계 프로그램 장인의 보물상자 (화각공예)
1975,708,4,[서울공예박물관] 소장품 연계 프로그램 장인의 보물상자 (화각공예)
1976,709,2,연극 [서교동에서 죽다]
1977,709,7,연극 [서교동에서 죽다]
1978,710,2,2023 매헌시민의숲 가을축제 안내
1979,710,7,2023 매헌시민의숲 가을축제 안내
1980,711,2,[광진문화재단] 행복한 연극 내 엄마 수연씨
1981,711,7,[광진문화재단] 행복한 연극 내 엄마 수연씨
1982,712,2,[양천문화원] 2023 전통예술제
1983,712,7,[양천문화원] 2023 전통예술제
1984,712,3,[양천문화원] 2023 전통예술제
1985,712,4,[양천문화원] 2023 전통예술제
1986,713,7,[서울문화재단] 서울라이브 B-side ♬인디음악 셀프 브랜딩 워크숍
1987,714,7,[금천문화재단] 제3회 금천패션영화제
1988,715,4,제 15회 언리미티드 에디션 - 서울아트북페어 2023
1989,716,2,[구로꿈나무인형극제] 하이브리드 신체극 계단의 아이
1990,716,7,[구로꿈나무인형극제] 하이브리드 신체극 계단의 아이
1991,717,2,"[종로문화재단] 2023 창신마을축제 하늘아래 1번지, 창신동"
1992,717,7,"[종로문화재단] 2023 창신마을축제 하늘아래 1번지, 창신동"
1993,718,4,2023 [운현궁 아트페어]
1994,718,6,2023 [운현궁 아트페어]
1995,718,7,2023 [운현궁 아트페어]
1996,719,2,[금천문화재단] 음악극 고고와 도도
1997,719,7,[금천문화재단] 음악극 고고와 도도
1998,720,2,[서울마포음악창작소] 2023 M 인디열전 ♪6 ‘DUSKY80X솜다’ 공연
1999,720,7,[서울마포음악창작소] 2023 M 인디열전 ♪6 ‘DUSKY80X솜다’ 공연
2000,721,4,[11월/Epi X 마포구립서강도서관] 새와 더불어 마주하고 긴장하며 함께하기
2001,721,6,[11월/Epi X 마포구립서강도서관] 새와 더불어 마주하고 긴장하며 함께하기
2002,721,7,[11월/Epi X 마포구립서강도서관] 새와 더불어 마주하고 긴장하며 함께하기
2003,722,4,"[11월 마포구립서강도서관/어린이메이킹] 해봄아 노올자!, 해봄맘껏Time"
2004,723,2,[서울우리소리박물관] 우리소리 노래교실 [덩기덕 쿵덕]
2005,723,7,[서울우리소리박물관] 우리소리 노래교실 [덩기덕 쿵덕]
2006,723,3,[서울우리소리박물관] 우리소리 노래교실 [덩기덕 쿵덕]
2007,723,4,[서울우리소리박물관] 우리소리 노래교실 [덩기덕 쿵덕]
2008,724,3,"[서울공예박물관] 가을. 나무의 온도, 우드카빙 버터나이프"
2009,724,4,"[서울공예박물관] 가을. 나무의 온도, 우드카빙 버터나이프"
2010,725,2,엘리자베스 기덕
2011,725,7,엘리자베스 기덕
2012,726,2,[제5회 꿈의 오케스트라] 중구 정기연주회 
2013,726,7,[제5회 꿈의 오케스트라] 중구 정기연주회 
2014,727,2,[서울시립교향악단] 2023 서울시향  우리동네 음악회(관현악) 
2015,727,7,[서울시립교향악단] 2023 서울시향  우리동네 음악회(관현악) 
2016,728,2,[시민청] 서울스테이지11_Beautiful day 공연
2017,728,7,[시민청] 서울스테이지11_Beautiful day 공연
2018,729,4,[구립증산정보도서관] 마음을 물들이는 붓펜캘리그라피
2019,730,4,SBS D 포럼(SDF) 2023
2020,730,7,SBS D 포럼(SDF) 2023
2021,731,3,제2회 노원구 민간기록물 수집 공모 전시회 [노원기억]
2022,731,7,제2회 노원구 민간기록물 수집 공모 전시회 [노원기억]
2023,732,7,[마포구립서강도서관 11월 행사] 문화프로그램 안내
2024,733,3,[돈의문박물관마을] 2023 돈의문야학당 프로그램 참여자 모집(11월)
2025,733,4,[돈의문박물관마을] 2023 돈의문야학당 프로그램 참여자 모집(11월)
2026,734,4,구석구석 출사 탐험대: 방구석에서 시작하는 동네 탐험
2027,735,7,2023 은평 문화예술교육 주간
2028,735,3,2023 은평 문화예술교육 주간
2029,735,4,2023 은평 문화예술교육 주간
2030,736,2,"[종로문화재단] K 국악, 판소리가 좋다"
2031,736,7,"[종로문화재단] K 국악, 판소리가 좋다"
2032,736,5,"[종로문화재단] K 국악, 판소리가 좋다"
2033,737,1,서울시민관광 아카데미 [관광업 특강 9회차] 데이터 기반의 관광산업 트렌드 이해와 활용
2034,737,2,서울시민관광 아카데미 [관광업 특강 9회차] 데이터 기반의 관광산업 트렌드 이해와 활용
2035,737,4,서울시민관광 아카데미 [관광업 특강 9회차] 데이터 기반의 관광산업 트렌드 이해와 활용
2036,738,2,"[강동문화재단] 마티네 콘서트 낭만드림 11월, Romantic Orchestra"
2037,738,7,"[강동문화재단] 마티네 콘서트 낭만드림 11월, Romantic Orchestra"
2038,739,3,"[서울상상나라] 우리, 캠핑 가요!"
2039,739,7,"[서울상상나라] 우리, 캠핑 가요!"
2040,740,2,대학로극장쿼드 제작 황수현 [Zzz]
2041,740,7,대학로극장쿼드 제작 황수현 [Zzz]
2042,741,2,브런치콘서트 [이달의 공연] 10월 웃음 가득 뮤지컬 갈라
2043,741,7,브런치콘서트 [이달의 공연] 10월 웃음 가득 뮤지컬 갈라
2044,742,2,김상헌 피아노 독주회
2045,742,7,김상헌 피아노 독주회
2046,743,2,뮤지컬의 탄생과 황금기를 노래하다!
2047,743,7,뮤지컬의 탄생과 황금기를 노래하다!
2048,744,4,[서울시립과학관] 천체사진가 권오철 작품-우유니 소금사막의 별이 내리는 밤
2049,745,7,2023 낙원 속 생활문화 클래스 [낙원 악기 원데이 클래스]
2050,746,4,[제7회 책읽는 종로] 2023 종로 책문화 주간
2051,746,7,[제7회 책읽는 종로] 2023 종로 책문화 주간
2052,747,3,[시민청] 내게 보이는 것들 The things that I see
2053,747,7,[시민청] 내게 보이는 것들 The things that I see
2054,748,7,[중구문화재단] 2023 제12회 서울충무로영화제(CFFS)
2055,749,2,[광진문화재단] 가족 뮤지컬 까먹어도 될까요
2056,749,7,[광진문화재단] 가족 뮤지컬 까먹어도 될까요
2057,750,3,[세종뮤지엄갤러리] 변경섭 기획초대전
2058,750,7,[세종뮤지엄갤러리] 변경섭 기획초대전
2059,751,3,[서울시립북서울미술관] 손길 모양
2060,751,7,[서울시립북서울미술관] 손길 모양
2061,751,4,[서울시립북서울미술관] 손길 모양
2062,752,4,[구립증산정보도서관] 그림책 속 마음 이끄미 샘들과 함께 하는 감정 북 큐레이션 [내 마음을 읽어요!]
2063,753,3,[서울디자인재단] 서울디자인 2023
2064,753,7,[서울디자인재단] 서울디자인 2023
2065,754,3,DDP디자인론칭페어
2066,754,7,DDP디자인론칭페어
2067,755,2,그린칩스 페스티벌 2023
2068,755,7,그린칩스 페스티벌 2023
2069,756,7,[서울문화재단] 2023 예술인 집단심리상담 [예술가의 마음수업]
2070,757,4,"[서울책보고 문학 강연 11월] 1+1=∞, 무장애 여행의 모든 것"
2071,757,6,"[서울책보고 문학 강연 11월] 1+1=∞, 무장애 여행의 모든 것"
2072,757,7,"[서울책보고 문학 강연 11월] 1+1=∞, 무장애 여행의 모든 것"
2073,758,4,[서울책보고 x 한국만화영상진흥원] 주말엔 만화톡톡_박건웅 작가와의 만남
2074,759,3,[서초구청] 2023 학부모 프리미엄 특강 릴레이
2075,759,4,[서초구청] 2023 학부모 프리미엄 특강 릴레이
2076,760,2,2023년 종로구립 궁중무용단 제2회 정기공연 [무애마당]
2077,760,7,2023년 종로구립 궁중무용단 제2회 정기공연 [무애마당]
2078,761,2,[금천문화재단] 뮤지컬프로그램 탐궁
2079,761,7,[금천문화재단] 뮤지컬프로그램 탐궁
2080,762,3,[서울식물원] 보타닉 메이즈: 식물은 살아있다
2081,762,7,[서울식물원] 보타닉 메이즈: 식물은 살아있다
2082,762,1,[서울식물원] 보타닉 메이즈: 식물은 살아있다
2083,763,3,[서울역사박물관] 2023 하반기 영뮤지엄
2084,763,4,[서울역사박물관] 2023 하반기 영뮤지엄
2085,764,3,입 없는 저 사람 말문 열기 전
2086,764,7,입 없는 저 사람 말문 열기 전
2087,765,7,2023 중구 생활문화 활성화 사업 동네친구 시즌2 : 취향존중(存中) 생활문화 프로그램(2차)
2088,766,2,[청계천박물관] 10월 문화가 흐르는 청계천의 밤
2089,766,7,[청계천박물관] 10월 문화가 흐르는 청계천의 밤
2090,766,3,[청계천박물관] 10월 문화가 흐르는 청계천의 밤
2091,766,4,[청계천박물관] 10월 문화가 흐르는 청계천의 밤
2092,767,3,[광진문화재단] 2023 나루 커넥트 클래식 페스티벌
2093,767,7,[광진문화재단] 2023 나루 커넥트 클래식 페스티벌
2094,768,7,[동작문화재단 문화예술교육 프로그램] 산책가의 그린(green)일기
2095,768,3,[동작문화재단 문화예술교육 프로그램] 산책가의 그린(green)일기
2096,768,4,[동작문화재단 문화예술교육 프로그램] 산책가의 그린(green)일기
2097,769,2,2023 불교문화대전
2098,769,7,2023 불교문화대전
2099,769,5,2023 불교문화대전
2100,770,3,헝가리 민족학박물관 국제교류전 [서울의 멋]
2101,770,7,헝가리 민족학박물관 국제교류전 [서울의 멋]
2102,770,4,헝가리 민족학박물관 국제교류전 [서울의 멋]
2103,771,3,[서울예술교육센터] 예술상상 오아시스 이야기를 품은 의자 예술교육
2104,771,4,[서울예술교육센터] 예술상상 오아시스 이야기를 품은 의자 예술교육
2105,772,3,"[서서울예술교육센터] 2023 서울시민예술학교 나의 낭만 아바타 (in 서서울예술교육센터, 강서아트리움)"
2106,772,4,"[서서울예술교육센터] 2023 서울시민예술학교 나의 낭만 아바타 (in 서서울예술교육센터, 강서아트리움)"
2107,773,3,스테들러와 함께하는 여행드로잉展 [Everybody can draw!]
2108,773,7,스테들러와 함께하는 여행드로잉展 [Everybody can draw!]
2109,774,3,"[케이움 갤러리] 빛을, 발하다. (오정, 정서윤 2인 기획전)"
2110,774,7,"[케이움 갤러리] 빛을, 발하다. (오정, 정서윤 2인 기획전)"
2111,775,3,[서울시립미술관] 아티스트 토크 미술가의 작업실-아카이브 엿보기
2112,775,7,[서울시립미술관] 아티스트 토크 미술가의 작업실-아카이브 엿보기
2113,775,4,[서울시립미술관] 아티스트 토크 미술가의 작업실-아카이브 엿보기
2114,776,7,[도봉문화재단] 2023 일상문화 활성화 사업[ 일상예술테이블]
2115,777,3,"[서서울예술교육센터] 2023 서울시민예술학교 피지컬씨어터 [몸짓으로 쓰는 이야기] (in 서서울예술교육센터, 구립영등포아트스퀘어)"
2116,777,4,"[서서울예술교육센터] 2023 서울시민예술학교 피지컬씨어터 [몸짓으로 쓰는 이야기] (in 서서울예술교육센터, 구립영등포아트스퀘어)"
2117,778,3,[강남문화재단과 함께하는 초대전] space time gangnam (스페이스 타임 강남)
2118,778,7,[강남문화재단과 함께하는 초대전] space time gangnam (스페이스 타임 강남)
2119,779,4,[서울하수도과학관] 크게 보는 작은 세계: 미생물 관찰하기
2120,780,4,[서울하수도과학관] 맨홀은 왜 둥글지?
2121,781,4,[서울하수도과학관 ] 물 속으로 퐁!퐁!퐁!
2122,782,3,"[일러스트 오마주 전시] 캐릭터, 명화에 빠지다 - 도우도우 x 메롱해치 x 냐기월드"
2123,782,7,"[일러스트 오마주 전시] 캐릭터, 명화에 빠지다 - 도우도우 x 메롱해치 x 냐기월드"
2124,783,3,[비더비X길종상가 기획전] 사물의 가정 Hypothetical Home
2125,783,7,[비더비X길종상가 기획전] 사물의 가정 Hypothetical Home
2126,784,3,GWTF: Go with the Flow
2127,784,7,GWTF: Go with the Flow
2128,785,3,[언폴드엑스 기획자캠프] Separium : Monotypic Humans
2129,785,7,[언폴드엑스 기획자캠프] Separium : Monotypic Humans
2130,786,3,[대한민국?교황청 수교 60주년 특별기획전] 모든 이를 위하여
2131,786,7,[대한민국?교황청 수교 60주년 특별기획전] 모든 이를 위하여
2132,787,4,[몽촌역사관] 후후! 우리 음악 속으로 (온라인)
2133,788,3,[서울역사박물관] 서울역사박물관대학
2134,788,4,[서울역사박물관] 서울역사박물관대학
2135,789,3,[서울공예박물관] 속속들이 백자
2136,789,4,[서울공예박물관] 속속들이 백자
2137,790,7,제25기 박물관대학 [백제의 철기 문화와 한반도 전쟁사]
2138,790,3,제25기 박물관대학 [백제의 철기 문화와 한반도 전쟁사]
2139,790,4,제25기 박물관대학 [백제의 철기 문화와 한반도 전쟁사]
2140,791,3,[슈페리어갤러리] 바라보다 展
2141,791,7,[슈페리어갤러리] 바라보다 展
2142,792,7,[서울무형문화재 교육전시장] 한옥에서 배우는 전통매듭
2143,792,3,[서울무형문화재 교육전시장] 한옥에서 배우는 전통매듭
2144,792,4,[서울무형문화재 교육전시장] 한옥에서 배우는 전통매듭
2145,793,2,[시민청] 2023 서울시청 시민청 [활력콘서트] 10월 공연
2146,793,7,[시민청] 2023 서울시청 시민청 [활력콘서트] 10월 공연
2147,794,3,[2023 남산골아트랩] 이상한옥(理想韓屋) 네 번째 전시 낯선 合
2148,794,7,[2023 남산골아트랩] 이상한옥(理想韓屋) 네 번째 전시 낯선 合
2149,795,3,서리풀청년아트갤러리 [Way to Draw]
2150,795,7,서리풀청년아트갤러리 [Way to Draw]
2151,796,3,서리풀 휴(休) 갤러리 [수중기록 3장_황금섬의 용사들]
2152,796,7,서리풀 휴(休) 갤러리 [수중기록 3장_황금섬의 용사들]
2153,797,4,2023 서울정원박람회
2154,798,2,연극 [굿닥터]
2155,798,7,연극 [굿닥터]
2156,799,3,[서서울예술교육센터] 2023 서울시민예술학교 너와 나의 장막
2157,799,4,[서서울예술교육센터] 2023 서울시민예술학교 너와 나의 장막
2158,801,3,[마포구립서강도서관 10-12월/전시] 우리 글책 140선 ? 우리 그림책 100선
2159,801,7,[마포구립서강도서관 10-12월/전시] 우리 글책 140선 ? 우리 그림책 100선
2160,802,7,[서울생활문화센터 신도림] 2023 구로문화예술아카데미
2161,803,7,[중랑문화재단] 옹기테마체험관 10월 프로그램
2162,804,3,"[돈의문박물관마을] Odd space, Common place"
2163,804,7,"[돈의문박물관마을] Odd space, Common place"
2164,804,4,"[돈의문박물관마을] Odd space, Common place"
2165,805,3,[돈의문박물관마을] 2023년 시민갤러리 이별 박물관 展
2166,805,7,[돈의문박물관마을] 2023년 시민갤러리 이별 박물관 展
2167,805,4,[돈의문박물관마을] 2023년 시민갤러리 이별 박물관 展
2168,806,7,[서울애니메이션센터] 도심 속 문화체험공간!  만화도서관& 애니소풍
2169,807,2,청춘극장 제9회 청춘스타영화제
2170,807,7,청춘극장 제9회 청춘스타영화제
2171,808,4,"[구립증산정보도서관] 2023년 시가 자라는 나무 10월 : 10월, 생(生)을 만나다"
2172,809,4,[구립증산정보도서관] 북인사이트 2023년 10월 : 10월의 작가들
2173,810,3,2023 DDP 디자인 융합 전시 [We'd rather be alive than dead]
2174,810,7,2023 DDP 디자인 융합 전시 [We'd rather be alive than dead]
2175,811,3,[서울디자인재단] We'd rather be alive than dead:삶은 그 어떤 경우에도 죽음보다 아름답다
2176,811,7,[서울디자인재단] We'd rather be alive than dead:삶은 그 어떤 경우에도 죽음보다 아름답다
2177,814,3,Design Dream Land: Fall in K-POP 디자인 드림 랜드
2178,814,7,Design Dream Land: Fall in K-POP 디자인 드림 랜드
2179,815,3,한성백제박물관 2023년 백제문화특별전 [강철백제]
2180,815,7,한성백제박물관 2023년 백제문화특별전 [강철백제]
2181,815,4,한성백제박물관 2023년 백제문화특별전 [강철백제]
2182,816,2,[송파공간 X 예술인 연대 프로젝트] 듀엣쏭 (9.22~11.17)
2183,816,7,[송파공간 X 예술인 연대 프로젝트] 듀엣쏭 (9.22~11.17)
2184,817,3,서울로미디어캔버스 2023 3회 전시
2185,817,7,서울로미디어캔버스 2023 3회 전시
2186,818,3,"[한성백제박물관] 강鐵철 백제 - 철, 강한 나라를 만들다"
2187,818,7,"[한성백제박물관] 강鐵철 백제 - 철, 강한 나라를 만들다"
2188,818,4,"[한성백제박물관] 강鐵철 백제 - 철, 강한 나라를 만들다"
2189,819,3,제12회 서울미디어시티비엔날레 [이것 역시 지도]
2190,819,7,제12회 서울미디어시티비엔날레 [이것 역시 지도]
2191,820,3,[몽촌토성투어프로그램] 한눈에 쏙~ 몽촌토성 첫걸음
2192,820,4,[몽촌토성투어프로그램] 한눈에 쏙~ 몽촌토성 첫걸음
2193,821,3,[한성백제박물관] 백제 왕도 달빛 기행
2194,821,4,[한성백제박물관] 백제 왕도 달빛 기행
2195,822,3,[2023 돈의문박물관마을] 가을산책(冊) 교육프로그램
2196,822,4,[2023 돈의문박물관마을] 가을산책(冊) 교육프로그램
2197,823,3,[서서울예술교육센터(양천)] 서울시민예술학교 2023 10-11월
2198,823,4,[서서울예술교육센터(양천)] 서울시민예술학교 2023 10-11월
2199,824,3,코리아나미술관 20주년 기념 국제기획전 [Step x Step]
2200,824,7,코리아나미술관 20주년 기념 국제기획전 [Step x Step]
2201,824,4,코리아나미술관 20주년 기념 국제기획전 [Step x Step]
2202,825,4,서울야외도서관 책읽는 서울광장
2203,826,3,[창의예술교육센터] 영등포 탈수기 : 탈로 쓴 나의 수기
2204,826,4,[창의예술교육센터] 영등포 탈수기 : 탈로 쓴 나의 수기
2205,827,4,[구립증산정보도서관] 2023 사서와 함께하는 [꼼지락 북아트 동아리 3기]
2206,828,4,2023 세종예술아카데미 하반기 정규강좌 수강오픈!
2207,829,4,[서울시립과학관] 2023 가을학기 과학관에 찾아온 '대학연구실'
2208,830,3,[은평역사한옥박물관] 전통 목가구 제작 소목교실 3기
2209,830,4,[은평역사한옥박물관] 전통 목가구 제작 소목교실 3기
2210,831,7,2023 기술 입은 문화 예술교육 [효모 사운드클럽]
2211,831,3,2023 기술 입은 문화 예술교육 [효모 사운드클럽]
2212,831,4,2023 기술 입은 문화 예술교육 [효모 사운드클럽]
2213,832,3,"[2023 평생인문교육 프로그램] 우리의 작가, 그들의 시대"
2214,832,4,"[2023 평생인문교육 프로그램] 우리의 작가, 그들의 시대"
2215,833,3,[서울공예박물관] 서울아트위크 기념 특별전 《공예 다이얼로그》
2216,833,7,[서울공예박물관] 서울아트위크 기념 특별전 《공예 다이얼로그》
2217,833,4,[서울공예박물관] 서울아트위크 기념 특별전 《공예 다이얼로그》
2218,834,4,[서울시립과학관] 2023년 생태화그리기 가을학기
2219,835,4,[2023 미감도서관 문화프로그램] 한국과 세계가 보이는 인물 역사
2220,835,7,[2023 미감도서관 문화프로그램] 한국과 세계가 보이는 인물 역사
2221,836,3,"2023 예술, 송송, 인생학교 여성편 [엄마배우 프로젝트]"
2222,836,4,"2023 예술, 송송, 인생학교 여성편 [엄마배우 프로젝트]"
2223,837,4,2023 서교예술실험센터 공성장형 예술실험지원 [링크(LINK) 과정공유회 링킹(LINK-ING)]
2224,838,3,[서울디자인재단] 럭스: 시적해상도
2225,838,7,[서울디자인재단] 럭스: 시적해상도
2226,839,4,[서울시립과학관] 2023년 하반기 돋보기 및 맛보기 프로그램
2227,839,7,[서울시립과학관] 2023년 하반기 돋보기 및 맛보기 프로그램
2228,840,7,[관악문화재단] 판다쌤 원어민 중국어
2229,841,3,[서울책보고] 본격 요리책 전시 '내일 뭐 먹지?'
2230,841,7,[서울책보고] 본격 요리책 전시 '내일 뭐 먹지?'
2231,842,4,[2023 미감도서관 문화프로그램] 왁자지껄 옛이야기 독서토론
2232,842,7,[2023 미감도서관 문화프로그램] 왁자지껄 옛이야기 독서토론
2233,843,4,독서의 달맞이 개관연장 프로그램 [책 읽기 좋은 가을밤]
2234,844,4,차없는잠수교 뚜벅뚜벅 축제
2235,845,3,[서울역사박물관] 우리가족 박물관 여행
2236,845,4,[서울역사박물관] 우리가족 박물관 여행
2237,846,3,2023 언폴드엑스 기획자캠프 선정 프로젝트 전시
2238,846,7,2023 언폴드엑스 기획자캠프 선정 프로젝트 전시
2239,847,7,[양천문화재단] 상상이 현실이 되는 AR 예술놀이터 '상상극장 우리 여기에'
2240,848,2,강남예술단 찾아가는 공연 [POP-UP!]
2241,848,7,강남예술단 찾아가는 공연 [POP-UP!]
2242,849,3,The Chemical Reaction 에스더블유앤에이부터 리버럴오피스까지 산업디자이너들의 상호 작용
2243,849,7,The Chemical Reaction 에스더블유앤에이부터 리버럴오피스까지 산업디자이너들의 상호 작용
2244,850,4,[서울시립과학관] 2023 과학북토크-하반기 달작한 사이언스(8~11월)
2245,851,3,서울시립 남서울미술관 [공중정원]
2246,851,7,서울시립 남서울미술관 [공중정원]
2247,851,4,서울시립 남서울미술관 [공중정원]
2248,852,3,[알부스갤러리] 친구들 Les Amis
2249,852,7,[알부스갤러리] 친구들 Les Amis
2250,853,2,[서울역사박물관] 2023년 하반기 배리어프리영화관
2251,853,7,[서울역사박물관] 2023년 하반기 배리어프리영화관
2252,853,3,[서울역사박물관] 2023년 하반기 배리어프리영화관
2253,853,4,[서울역사박물관] 2023년 하반기 배리어프리영화관
2254,854,3,"[서울시립 미술아카이브] 라스트 제너레이션에게, 김용익"
2255,854,7,"[서울시립 미술아카이브] 라스트 제너레이션에게, 김용익"
2256,855,1,[2023년 파킨슨 환자를 위한 무용 교육 프로그램] 댄스 포 피디(하반기)
2257,855,2,[2023년 파킨슨 환자를 위한 무용 교육 프로그램] 댄스 포 피디(하반기)
2258,855,4,[2023년 파킨슨 환자를 위한 무용 교육 프로그램] 댄스 포 피디(하반기)
2259,855,3,[2023년 파킨슨 환자를 위한 무용 교육 프로그램] 댄스 포 피디(하반기)
2260,856,7,[도봉문화재단] 하반기 정기강좌 프로그램 [연극으로 만드는 나의 이야기]
2261,857,7,[기술 입은 문화예술교육] 관악!아트랩 203 AI와 함께하는 별별무브 시즌3
2262,857,3,[기술 입은 문화예술교육] 관악!아트랩 203 AI와 함께하는 별별무브 시즌3
2263,857,4,[기술 입은 문화예술교육] 관악!아트랩 203 AI와 함께하는 별별무브 시즌3
2264,858,3,[황학정국궁전시관] 활의 나라 : 다시 태어난 근대 활쏘기의 시작
2265,858,7,[황학정국궁전시관] 활의 나라 : 다시 태어난 근대 활쏘기의 시작
2266,859,7,[2023년 쫌쫌따리 문화모아] 동그란 자유: 세상을 거꾸로 볼 자you
2267,860,3,[서울디자인재단] 플라스틱 탐험대 : SUP 습격!
2268,860,7,[서울디자인재단] 플라스틱 탐험대 : SUP 습격!
2269,861,3,[2023 운현궁 하우스뮤지엄] 제9회 설경규방공예연구회 정기전시회
2270,861,7,[2023 운현궁 하우스뮤지엄] 제9회 설경규방공예연구회 정기전시회
2271,862,3,[서울역사박물관] 대전엑스포’93 30주년 기념 특별공동기획전 [대전엑스포’93: 과학 신화가 현실로]
2272,862,7,[서울역사박물관] 대전엑스포’93 30주년 기념 특별공동기획전 [대전엑스포’93: 과학 신화가 현실로]
2273,862,4,[서울역사박물관] 대전엑스포’93 30주년 기념 특별공동기획전 [대전엑스포’93: 과학 신화가 현실로]
2274,863,3,[돈의문박물관마을] 2023 하반기 한옥예술체험 예술가의 시간
2275,863,4,[돈의문박물관마을] 2023 하반기 한옥예술체험 예술가의 시간
2276,864,3,[아뜰리에 광화] 2023 광장으로의 초대 이중섭
2277,864,7,[아뜰리에 광화] 2023 광장으로의 초대 이중섭
2278,865,7,[2023생애주기별 문화예술교육] 실천력 프로젝트 추가모집(~7.16)
2279,865,3,[2023생애주기별 문화예술교육] 실천력 프로젝트 추가모집(~7.16)
2280,865,4,[2023생애주기별 문화예술교육] 실천력 프로젝트 추가모집(~7.16)
2281,866,3,"2023년 용산도시기억전시관 기획전시 [변화의 물결 속 용산, 1960~70년대 용산을 바라보다]"
2282,866,7,"2023년 용산도시기억전시관 기획전시 [변화의 물결 속 용산, 1960~70년대 용산을 바라보다]"
2283,867,4,[도봉기적의도서관] 구름아래 예술놀이 제작소 '그림책 재담꾼! 도봉쑨'
2284,867,7,[도봉기적의도서관] 구름아래 예술놀이 제작소 '그림책 재담꾼! 도봉쑨'
2285,868,4,기억프로젝트 [내가 만드는 백제]
2286,869,3,[유휴공간프로젝트 Ⅱ] 진화의 비밀 8 - 플라잉맨 in 무중력
2287,869,7,[유휴공간프로젝트 Ⅱ] 진화의 비밀 8 - 플라잉맨 in 무중력
2288,870,7,[도봉문화원] 원!투!쓰리!클래스 연극꿈틀 & 사진꿈틀
2289,870,3,[도봉문화원] 원!투!쓰리!클래스 연극꿈틀 & 사진꿈틀
2290,870,4,[도봉문화원] 원!투!쓰리!클래스 연극꿈틀 & 사진꿈틀
2291,871,4,"우리가 만나던 그곳, 종로서적"
2292,872,7,[중랑문화재단] 옹기테마체험관 옹기테마아카데미
2293,873,7,[서울문화재단] 2023년 PLAY-UP 아카데미
2294,874,7,문화예술교육 프로그램 [학교폭력 스탑 프로젝트: 연극 프로불편러]
2295,874,3,문화예술교육 프로그램 [학교폭력 스탑 프로젝트: 연극 프로불편러]
2296,874,4,문화예술교육 프로그램 [학교폭력 스탑 프로젝트: 연극 프로불편러]
2297,875,7,문화예술교육 프로그램 [청년의 신세계 : My Home History]
2298,875,3,문화예술교육 프로그램 [청년의 신세계 : My Home History]
2299,875,4,문화예술교육 프로그램 [청년의 신세계 : My Home History]
2300,876,7,[한국공예?디자인문화진흥원] 2023 전통생활문화교육 
2301,876,3,[한국공예?디자인문화진흥원] 2023 전통생활문화교육 
2302,876,4,[한국공예?디자인문화진흥원] 2023 전통생활문화교육 
2303,877,2,[노들섬] 2023 서울거리공연 구석구석라이브
2304,877,7,[노들섬] 2023 서울거리공연 구석구석라이브
2305,878,4,[도서관에서 만나는 인문학열전] 당신에게 권하는 일상의 인문학
2306,879,3,[한성백제박물관] 제4회 백제그림그리기대회 전시
2307,879,7,[한성백제박물관] 제4회 백제그림그리기대회 전시
2308,879,4,[한성백제박물관] 제4회 백제그림그리기대회 전시
2309,880,3,[성북선잠박물관] 소장품 특별전
2310,880,7,[성북선잠박물관] 소장품 특별전
2311,880,4,[성북선잠박물관] 소장품 특별전
2312,881,3,"[2023년 6월 민주화 운동 특별전시] 마음을 움직이는 말, 선전물"
2313,881,7,"[2023년 6월 민주화 운동 특별전시] 마음을 움직이는 말, 선전물"
2314,882,4,[권진규의 영원한 집] 전시 연계 특별 도슨트 및 특강
2315,883,3,권진규의 영원한 집
2316,883,7,권진규의 영원한 집
2317,884,3,[2023 시민공모전] 기억 전당포 : 1990 서울 나들이 展
2318,884,7,[2023 시민공모전] 기억 전당포 : 1990 서울 나들이 展
2319,885,3,박노수미술관 개관 10주년 기념전시 [화필인생-박노수의 모던 타임즈]
2320,885,7,박노수미술관 개관 10주년 기념전시 [화필인생-박노수의 모던 타임즈]
2321,885,4,박노수미술관 개관 10주년 기념전시 [화필인생-박노수의 모던 타임즈]
2322,886,3,80 도시현실
2323,886,7,80 도시현실
2324,887,3,[서울역사박물관] 제39기 중학생 인턴제
2325,887,4,[서울역사박물관] 제39기 중학생 인턴제
2326,888,7,2023 평화문화진지 기획프로그램 [나의 나무 깎기]
2327,889,3,2023 서울우리소리박물관 특별전 [자장자장 도담도담]
2328,889,7,2023 서울우리소리박물관 특별전 [자장자장 도담도담]
2329,889,4,2023 서울우리소리박물관 특별전 [자장자장 도담도담]
2330,890,3,2023 신당 프로젝트 전시(SPE) [공예 자리]
2331,890,7,2023 신당 프로젝트 전시(SPE) [공예 자리]
2332,891,7,2023 서울 문화예술교육 지원사업 프로그램 안내
2333,891,3,2023 서울 문화예술교육 지원사업 프로그램 안내
2334,891,4,2023 서울 문화예술교육 지원사업 프로그램 안내
2335,892,2,2023 월간뮤지크
2336,892,7,2023 월간뮤지크
2337,893,3,2023년 서울기록원 전시연계 강연프로그램 [기록을 바라보는 여섯 개의 시선]
2338,893,4,2023년 서울기록원 전시연계 강연프로그램 [기록을 바라보는 여섯 개의 시선]
2339,894,4,특별한(★) 데이(DAY) 천문현상 주제 관측 프로그램
2340,895,4,2023 광화문책마당
2341,896,3,"소색비무색, 흰옷에 깃든 빛깔"
2342,896,7,"소색비무색, 흰옷에 깃든 빛깔"
2343,897,2,2023 삼각산 활짝시네마
2344,897,7,2023 삼각산 활짝시네마
2345,898,4,2023 남산골 전통체험
2346,899,3,시민청 기획전시 [웨이브 2023 수도서울]
2347,899,7,시민청 기획전시 [웨이브 2023 수도서울]
2348,900,2,2023년 시청 시민청 [바스락콘서트] 모두를 위한 공연
2349,900,7,2023년 시청 시민청 [바스락콘서트] 모두를 위한 공연
2350,901,3,SeMA-프로젝트 A
2351,901,7,SeMA-프로젝트 A
2352,902,3,[서울우리소리박물관] 자율학습프로그램 [자연관찰 우리소리]
2353,902,4,[서울우리소리박물관] 자율학습프로그램 [자연관찰 우리소리]
2354,903,7,2023 과학?문화가 있는 날 月刊夜水 : 월간야수
2355,904,4,[구립증산정보도서관] 열린 책 읽기 모임 Book-ing Club 모집
2356,905,4,"[독서토론회] 2023년 목, 수다"
2357,906,2,2023년 운현궁 티타임
2358,906,4,2023년 운현궁 티타임
2359,907,3,[돈의문박물관마을] 한옥예술체험 '예술가의 시간'
2360,907,4,[돈의문박물관마을] 한옥예술체험 '예술가의 시간'
2361,908,3,"2023년 함석헌기념관 힐링in문학(낭독) [낭만, 함석헌] 참여자 모집"
2362,908,7,"2023년 함석헌기념관 힐링in문학(낭독) [낭만, 함석헌] 참여자 모집"
2363,909,3,2023년 함석헌기념관 힐링in문학(낭송) [무욕청정(無欲淸淨)] 참여자 모집
2364,909,4,2023년 함석헌기념관 힐링in문학(낭송) [무욕청정(無欲淸淨)] 참여자 모집
2365,909,7,2023년 함석헌기념관 힐링in문학(낭송) [무욕청정(無欲淸淨)] 참여자 모집
2366,910,3,2023 수요창작소
2367,910,4,2023 수요창작소
2368,911,2,2023년 박물관 토요음악회 
2369,911,7,2023년 박물관 토요음악회 
2370,911,3,2023년 박물관 토요음악회 
2371,911,4,2023년 박물관 토요음악회 
2372,912,2,월간객석과 함께하는 마티네 콘서트
2373,912,7,월간객석과 함께하는 마티네 콘서트
2374,913,3,D-숲
2375,913,7,D-숲
2376,914,4,청춘1번가
2377,915,3,서리풀청년아트갤러리 오프라인 문화강좌 [아뜰리에 서리풀]
2378,915,7,서리풀청년아트갤러리 오프라인 문화강좌 [아뜰리에 서리풀]
2379,916,4,[낙원 FM '일일 DJ 체험' 모집 중!]
2380,917,2,시민청 스탬프투어
2381,918,3,"[서울역사박물관] Visit Museum, Enjoy SEOUL"
2382,918,4,"[서울역사박물관] Visit Museum, Enjoy SEOUL"
2383,919,1,"Visit Museum, Enjoy SEOUL"
2384,920,4,[하수도과학관] 전시해설 프로그램(전시실 + 재이용수 처리실) 
2385,921,2,2023 토요명품
2386,921,7,2023 토요명품
2387,922,3,[돈의문박물관마을] 돈의문 마을이야기 투어
2388,922,4,[돈의문박물관마을] 돈의문 마을이야기 투어
2389,923,4,"하수, 새활용을 만나다"
2390,924,4,"하수, 새활용을 만나다"
2391,925,4,서울하수도과학관 [전시해설 프로그램]
2392,926,4,"2023년 함석헌기념관 체험 프로그램 [그를 잇다, 글을 짓다]"
2393,927,7,서울풍물시장 전통문화체험관
2394,928,4,[서울디자인재단] DDP 건축투어
2395,929,3,라이트 스페이스
2396,929,7,라이트 스페이스
2397,930,3,매거진 라이브러리: 기록에 머물다
2398,930,7,매거진 라이브러리: 기록에 머물다
2399,931,3,동대문 역사관
2400,931,7,동대문 역사관
2401,932,3,동대문운동장 기념관
2402,932,7,동대문운동장 기념관
2403,933,3,UD 라이프스타일 플랫폼
2404,933,7,UD 라이프스타일 플랫폼
2405,934,3,"고희동미술관 재개관 3주년기념전시 「모던을 터치하다: 고희동, 근대회화의 선구자」"
2406,934,7,"고희동미술관 재개관 3주년기념전시 「모던을 터치하다: 고희동, 근대회화의 선구자」"
2407,934,4,"고희동미술관 재개관 3주년기념전시 「모던을 터치하다: 고희동, 근대회화의 선구자」"
2408,935,3,경희대학교
2409,935,4,경희대학교
2410,936,6,DDP(동대문디자인플라자)
2411,936,7,DDP(동대문디자인플라자)
2412,937,2,우란2경
2413,937,7,우란2경
2414,938,4,구립은평뉴타운도서관
2415,939,2,노원문화예술회관
2416,939,7,노원문화예술회관
2417,940,3,서울시립미술관 SeMA창고
2418,940,7,서울시립미술관 SeMA창고
2419,940,4,서울시립미술관 SeMA창고
2420,941,2,동숭무대
2421,941,7,동숭무대
2422,942,1,양천구민체육센터
2423,942,4,양천구민체육센터
2424,943,3,금천예술공장
2425,943,7,금천예술공장
2426,944,4,송파도서관
2427,945,3,세종대왕기념관
2428,945,7,세종대왕기념관
2429,946,7,북촌 서울무형문화재 교육전시장
2430,946,3,북촌 서울무형문화재 교육전시장
2431,946,4,북촌 서울무형문화재 교육전시장
2432,947,7,주한독일문화원
2433,947,3,주한독일문화원
2434,947,4,주한독일문화원
2435,948,7,주한영국문화원
2436,948,3,주한영국문화원
2437,948,4,주한영국문화원
2438,949,4,고척도서관
2439,950,3,용산도시기억전시관
2440,950,7,용산도시기억전시관
2441,951,4,광진교 8번가
2442,951,7,광진교 8번가
2443,952,3,서울생활사박물관
2444,952,7,서울생활사박물관
2445,952,4,서울생활사박물관
2446,953,3,공평도시유적전시관
2447,953,7,공평도시유적전시관
2448,954,3,김영옥 미술관
2449,954,7,김영옥 미술관
2450,954,4,김영옥 미술관
2451,955,6,양천문화재단
2452,955,7,양천문화재단
2453,956,2,세종문화회관
2454,956,7,세종문화회관
2455,957,2,민속극장풍류
2456,957,7,민속극장풍류
2457,958,2,은평문화예술회관
2458,958,7,은평문화예술회관
2459,959,4,도봉도서관
2460,960,3,강북구청
2461,960,4,강북구청
2462,961,3,구로구청
2463,961,4,구로구청
2464,962,6,노들섬 복합문화공간
2465,962,7,노들섬 복합문화공간
2466,963,4,문래도서관
2467,964,2,양천구 해누리타운 아트홀
2468,964,7,양천구 해누리타운 아트홀
2469,965,2,한국방송회관 코바코홀
2470,965,7,한국방송회관 코바코홀
2471,966,3,리움미술관
2472,966,7,리움미술관
2473,966,4,리움미술관
2474,967,2,반포심산아트홀
2475,967,7,반포심산아트홀
2476,968,3,한미사진미술관
2477,968,7,한미사진미술관
2478,968,4,한미사진미술관
2479,969,6,갈산문화예술센터
2480,969,7,갈산문화예술센터
2481,970,3,한성대학교
2482,970,4,한성대학교
2483,971,1,동대문구민체육센터
2484,971,4,동대문구민체육센터
2485,972,1,송파구체육문화회관
2486,972,4,송파구체육문화회관
2487,972,7,송파구체육문화회관
2488,973,2,정동극장
2489,973,7,정동극장
2490,974,4,종로구민회관
2491,975,1,용산구문화체육센터
2492,975,4,용산구문화체육센터
2493,975,7,용산구문화체육센터
2494,976,4,구립증산정보도서관
2495,977,3,양천구청
2496,977,4,양천구청
2497,978,1,신월문화체육센터
2498,978,4,신월문화체육센터
2499,978,7,신월문화체육센터
2500,979,3,한성백제박물관
2501,979,7,한성백제박물관
2502,979,4,한성백제박물관
2503,980,3,한국분재박물관
2504,980,7,한국분재박물관
2505,980,4,한국분재박물관
2506,981,2,롯데월드 가든스테이지
2507,981,7,롯데월드 가든스테이지
2508,982,6,강북솔샘문화정보센터
2509,982,7,강북솔샘문화정보센터
2510,983,2,예술가의집
2511,983,7,예술가의집
2512,984,3,가람화랑
2513,984,7,가람화랑
2514,985,4,예지원
2515,986,6,송중문화정보센터
2516,986,7,송중문화정보센터
2517,987,1,롯데월드 아이스링크
2518,987,2,롯데월드 아이스링크
2519,988,1,온조대왕문화체육관
2520,988,4,온조대왕문화체육관
2521,988,7,온조대왕문화체육관
2522,989,2,서울연극센터
2523,989,7,서울연극센터
2524,990,4,성동구립도서관
2525,991,4,서울특별시교육청 종로도서관
2526,991,3,서울특별시교육청 종로도서관
2527,992,1,올림픽기념국민생활관
2528,992,2,올림픽기념국민생활관
2529,993,6,마포아트센터
2530,993,7,마포아트센터
2531,994,3,국립현대미술관
2532,994,7,국립현대미술관
2533,994,4,국립현대미술관
2534,995,3,아르코미술관
2535,995,7,아르코미술관
2536,995,4,아르코미술관
2537,996,3,국립현대미술관 서울
2538,996,7,국립현대미술관 서울
2539,996,4,국립현대미술관 서울
2540,997,7,종로문화원
2541,997,3,종로문화원
2542,997,4,종로문화원
2543,998,3,육군사관학교
2544,998,4,육군사관학교
2545,999,4,자양4동도서관
2546,1000,3,동대문구청
2547,1000,4,동대문구청
2548,1001,6,서울문화재단
2549,1001,7,서울문화재단
2550,1002,2,LG아트센터 서울
2551,1002,7,LG아트센터 서울
2552,1003,4,광진정보도서관
2553,1004,2,포스트극장
2554,1004,7,포스트극장
2555,1005,3,서울시립 남서울미술관
2556,1005,7,서울시립 남서울미술관
2557,1005,4,서울시립 남서울미술관
2558,1006,2,광화문아트홀
2559,1006,7,광화문아트홀
2560,1007,2,문화정원아트홀
2561,1007,7,문화정원아트홀
2562,1008,6,시민청
2563,1008,7,시민청
2564,1009,2,성수아트홀
2565,1009,7,성수아트홀
2566,1010,3,동작구청
2567,1010,4,동작구청
2568,1011,6,강남문화재단
2569,1011,7,강남문화재단
2570,1012,7,서울풍물시장 전통문화체험관
2571,1013,4,한국사회과학도서관
2572,1014,2,우리금융아트홀
2573,1014,7,우리금융아트홀
2574,1015,4,동작도서관
2575,1016,4,서대문도서관
2576,1017,7,강남스포츠문화센터
2577,1018,1,대진체육관
2578,1018,4,대진체육관
2579,1019,7,영등포문화원
2580,1019,3,영등포문화원
2581,1019,4,영등포문화원
2582,1020,2,사당문화회관
2583,1020,7,사당문화회관
2584,1021,3,건국대학교 박물관
2585,1021,4,건국대학교 박물관
2586,1022,1,서초구민체육센터
2587,1022,4,서초구민체육센터
2588,1023,3,송파구청
2589,1023,4,송파구청
2590,1024,4,거마도서관
2591,1025,2,서초문화예술회관 (구 서초구민회관)
2592,1025,7,서초문화예술회관 (구 서초구민회관)
2593,1026,4,연세대학교 김대중도서관
2594,1026,3,연세대학교 김대중도서관
2595,1027,4,서울특별시교육청 남산도서관
2596,1027,3,서울특별시교육청 남산도서관
2597,1028,3,최순우 옛집
2598,1028,7,최순우 옛집
2599,1029,3,서서울예술교육센터
2600,1029,4,서서울예술교육센터
2601,1030,2,스카이아트홀
2602,1030,7,스카이아트홀
2603,1031,4,국립국어원 우리말 꿈터
2604,1032,3,학고재
2605,1032,7,학고재
2606,1033,4,남산골한옥마을
2607,1034,2,코엑스 오디토리움
2608,1034,7,코엑스 오디토리움
2609,1035,3,국립고궁박물관
2610,1035,7,국립고궁박물관
2611,1035,4,국립고궁박물관
2612,1036,1,구로구민체육센터
2613,1036,4,구로구민체육센터
2614,1037,3,떡박물관
2615,1037,7,떡박물관
2616,1037,4,떡박물관
2617,1038,1,강남구민체육관
2618,1038,4,강남구민체육관
2619,1039,3,허준박물관
2620,1039,7,허준박물관
2621,1039,4,허준박물관
2622,1040,7,서울강서문화원
2623,1040,3,서울강서문화원
2624,1040,4,서울강서문화원
2625,1041,4,아리향기작은도서관
2626,1042,2,구로아트밸리예술극장
2627,1042,7,구로아트밸리예술극장
2628,1043,3,금천구청
2629,1043,4,금천구청
2630,1044,2,세실아트홀
2631,1044,7,세실아트홀
2632,1045,4,도봉기적의도서관
2633,1046,1,해공체육문화센터
2634,1046,4,해공체육문화센터
2635,1046,7,해공체육문화센터
2636,1047,4,은평구립도서관
2637,1048,3,노화랑
2638,1048,7,노화랑
2639,1049,1,관악구민종합체육센터
2640,1049,4,관악구민종합체육센터
2641,1050,3,강남구청
2642,1050,4,강남구청
2643,1051,4,개포도서관
2644,1052,3,은평역사한옥박물관
2645,1052,7,은평역사한옥박물관
2646,1052,4,은평역사한옥박물관
2647,1053,5,금빛휘트니스센터
2648,1054,1,잠실종합운동장
2649,1055,8,더 소호
2650,1056,7,도봉문화원
2651,1056,3,도봉문화원
2652,1056,4,도봉문화원
2653,1057,2,CGV 명동
2654,1057,7,CGV 명동
2655,1058,2,드라마센터(동랑예술센터)
2656,1058,7,드라마센터(동랑예술센터)
2657,1059,2,KBS홀
2658,1059,7,KBS홀
2659,1060,3,강동구청
2660,1060,4,강동구청
2661,1061,4,강동구립성내도서관
2662,1062,4,아리랑도서관
2663,1063,4,노원중앙도서관
2664,1064,1,망원한강공원
2665,1065,4,LG상남도서관
2666,1066,3,한상수자수박물관
2667,1066,7,한상수자수박물관
2668,1066,4,한상수자수박물관
2669,1067,3,녹사평 용산공원 플랫폼
2670,1067,7,녹사평 용산공원 플랫폼
2671,1068,1,내곡느티나무쉼터
2672,1069,1,코엑스전시장
2673,1069,2,코엑스전시장
2674,1070,2,강동구민회관
2675,1070,4,강동구민회관
2676,1071,4,소나무언덕3호도서관
2677,1072,4,도봉구민회관
2678,1073,4,월계도서관
2679,1074,7,성북여성문화센터
2680,1075,7,한국공예문화진흥원
2681,1076,4,서울특별시교육청 용산도서관
2682,1076,3,서울특별시교육청 용산도서관
2683,1077,3,세컨드에비뉴 갤러리
2684,1077,7,세컨드에비뉴 갤러리
2685,1078,3,국립한글박물관
2686,1078,7,국립한글박물관
2687,1078,4,국립한글박물관
2688,1079,3,목인박물관 목석원
2689,1079,7,목인박물관 목석원
2690,1079,4,목인박물관 목석원
2691,1080,1,이문체육문화센터
2692,1080,4,이문체육문화센터
2693,1080,7,이문체육문화센터
2694,1081,4,대림도서관
2695,1082,4,유리지공예관
2696,1083,2,상명아트센터
2697,1083,7,상명아트센터
2698,1084,1,동대문구체육관
2699,1084,4,동대문구체육관
2700,1085,1,중랑문화체육관
2701,1085,4,중랑문화체육관
2702,1085,7,중랑문화체육관
2703,1086,1,개운산스포츠센터
2704,1087,3,운현궁
2705,1087,7,운현궁
2706,1088,6,서울시립 난지미술창작스튜디오
2707,1088,7,서울시립 난지미술창작스튜디오
2708,1089,1,창동문화체육센터
2709,1089,4,창동문화체육센터
2710,1089,7,창동문화체육센터
2711,1090,7,양천문화원
2712,1090,3,양천문화원
2713,1090,4,양천문화원
2714,1091,6,스튜디오 콘크리트
2715,1091,7,스튜디오 콘크리트
2716,1092,6,중구여성플라자
2717,1092,7,중구여성플라자
2718,1093,7,관악문화관
2719,1094,2,용산아트홀
2720,1094,7,용산아트홀
2721,1095,2,영등포아트홀
2722,1095,7,영등포아트홀
2723,1096,4,강남구민회관
2724,1097,4,국회도서관
2725,1098,3,겸재정선미술관
2726,1098,7,겸재정선미술관
2727,1098,4,겸재정선미술관
2728,1099,3,영등포구청
2729,1099,4,영등포구청
2730,1100,1,중랑구민체육센터
2731,1100,4,중랑구민체육센터
2732,1101,1,강북웰빙스포츠센터
2733,1102,3,갤러리 라메르
2734,1102,7,갤러리 라메르
2735,1103,4,중랑구평생학습관
2736,1104,6,서초여성가족플라자
2737,1104,7,서초여성가족플라자
2738,1105,4,서초구립반포도서관
2739,1106,3,셀린박 갤러리
2740,1106,7,셀린박 갤러리
2741,1107,4,배봉산 숲속 도서관
2742,1108,6,문화공간 이육사
2743,1108,7,문화공간 이육사
2744,1109,3,갤러리 가이아
2745,1109,7,갤러리 가이아
2746,1110,1,서대문문화체육회관
2747,1110,4,서대문문화체육회관
2748,1110,7,서대문문화체육회관
2749,1111,3,종이나라박물관
2750,1111,7,종이나라박물관
2751,1111,4,종이나라박물관
2752,1112,2,두산아트센터 연강홀
2753,1112,7,두산아트센터 연강홀
2754,1113,2,명동난타극장
2755,1113,7,명동난타극장
2756,1114,3,뮤지엄김치간
2757,1114,7,뮤지엄김치간
2758,1115,2,한전아트센터
2759,1115,7,한전아트센터
2760,1116,1,세빛섬
2761,1117,6,문학의집서울
2762,1117,7,문학의집서울
2763,1118,3,서울상상나라
2764,1118,7,서울상상나라
2765,1119,4,강동구립암사도서관
2766,1120,1,광진구민체육센터
2767,1120,4,광진구민체육센터
2768,1121,4,도봉문화정보도서관
2769,1121,7,도봉문화정보도서관
2770,1122,3,서대문자연사박물관
2771,1122,7,서대문자연사박물관
2772,1122,4,서대문자연사박물관
2773,1123,3,경기여고 경운박물관
2774,1123,7,경기여고 경운박물관
2775,1123,4,경기여고 경운박물관
2776,1124,4,SETEC전시장(서울무역전시장)
2777,1125,3,세종대학교 대양홀
2778,1125,4,세종대학교 대양홀
2779,1126,3,국제갤러리
2780,1126,7,국제갤러리
2781,1127,3,김영섭사진화랑
2782,1127,7,김영섭사진화랑
2783,1128,6,평화문화진지
2784,1128,7,평화문화진지
2785,1129,3,디뮤지엄
2786,1129,7,디뮤지엄
2787,1130,2,허리우드 스카이쇼 공연장
2788,1130,7,허리우드 스카이쇼 공연장
2789,1131,3,아웃사이트(out_sight)
2790,1131,7,아웃사이트(out_sight)
2791,1132,2,서울무용센터
2792,1132,7,서울무용센터
2793,1133,6,잠실창작스튜디오
2794,1133,7,잠실창작스튜디오
2795,1134,4,이마트은평점
2796,1135,2,롯데콘서트홀
2797,1135,7,롯데콘서트홀
2798,1136,6,서교예술실험센터
2799,1136,7,서교예술실험센터
2800,1137,3,인사아트센터
2801,1137,7,인사아트센터
2802,1138,3,갤러리 도올
2803,1138,7,갤러리 도올
2804,1139,3,아트선재센터
2805,1139,7,아트선재센터
2806,1140,6,북촌문화센터
2807,1140,7,북촌문화센터
2808,1141,4,등촌지역정보센터
2809,1142,3,노원구청
2810,1142,4,노원구청
2811,1143,3,동대문구청 아트갤러리
2812,1143,7,동대문구청 아트갤러리
2813,1143,4,동대문구청 아트갤러리
2814,1144,2,유니버설아트센터
2815,1144,7,유니버설아트센터
2816,1145,1,손기정문화체육센터
2817,1145,4,손기정문화체육센터
2818,1145,7,손기정문화체육센터
2819,1146,6,성북문화재단
2820,1146,7,성북문화재단
2821,1147,2,국립극단 소극장 판
2822,1147,7,국립극단 소극장 판
2823,1148,3,서울시립 북서울미술관
2824,1148,7,서울시립 북서울미술관
2825,1148,4,서울시립 북서울미술관
2826,1149,2,광림아트센터 장천홀
2827,1149,7,광림아트센터 장천홀
2828,1150,4,서초구립내곡도서관
2829,1151,4,내를 건너서 숲으로 도서관
2830,1152,3,한양도성박물관
2831,1152,7,한양도성박물관
2832,1152,4,한양도성박물관
2833,1153,1,중랑구민회관
2834,1154,3,평강성서유물박물관
2835,1154,7,평강성서유물박물관
2836,1154,4,평강성서유물박물관
2837,1155,3,포스코미술관
2838,1155,7,포스코미술관
2839,1155,4,포스코미술관
2840,1156,3,필갤러리(Fill Gallery)
2841,1156,7,필갤러리(Fill Gallery)
2842,1157,2,서울남산국악당
2843,1157,7,서울남산국악당
2844,1157,5,서울남산국악당
2845,1158,2,동자아트홀
2846,1158,7,동자아트홀
2847,1159,4,구로구립개봉도서관
2848,1160,2,일신홀
2849,1160,7,일신홀
2850,1161,2,더줌아트센터
2851,1161,7,더줌아트센터
2852,1162,2,구로 꿈나무극장
2853,1162,7,구로 꿈나무극장
2854,1163,4,서울도서관
2855,1164,2,용산공예관
2856,1164,8,용산공예관
2857,1165,4,서울특별시여성능력개발원
2858,1166,4,금천구립가산도서관
2859,1167,2,여의도한강공원물빛무대
2860,1167,7,여의도한강공원물빛무대
2861,1168,3,가나아트센터
2862,1168,7,가나아트센터
2863,1169,2,KT&G상상마당 대치
2864,1169,7,KT&G상상마당 대치
2865,1170,3,KT&G 상상마당 갤러리
2866,1170,7,KT&G 상상마당 갤러리
2867,1171,6,상촌재
2868,1171,7,상촌재
2869,1172,4,우리은행 본점
2870,1173,4,서울책보고
2871,1174,6,유담헌
2872,1174,7,유담헌
2873,1175,6,성동문화재단
2874,1175,7,성동문화재단
2875,1176,4,용산구 효창사랑 작은도서관
2876,1177,4,금천구립독산도서관
2877,1178,4,강남구립대치도서관
2878,1179,3,킵인터치
2879,1179,7,킵인터치
2880,1180,6,서울생각마루
2881,1180,7,서울생각마루
2882,1181,3,동덕아트갤러리
2883,1181,7,동덕아트갤러리
2884,1182,3,동호갤러리
2885,1182,7,동호갤러리
2886,1183,1,국기원
2887,1184,3,토포하우스
2888,1184,7,토포하우스
2889,1185,2,아트하우스 모모
2890,1185,7,아트하우스 모모
2891,1186,2,폼텍웍스홀
2892,1186,7,폼텍웍스홀
2893,1187,1,서울함 공원
2894,1188,4,강남구립역삼도서관
2895,1189,3,코리아나미술관
2896,1189,7,코리아나미술관
2897,1189,4,코리아나미술관
2898,1190,4,서울하수도과학관
2899,1191,6,사각사각 플레이스
2900,1191,7,사각사각 플레이스
2901,1192,4,강동구립천호도서관
2902,1193,2,홍익대 대학로 아트센터
2903,1193,7,홍익대 대학로 아트센터
2904,1194,3,농업박물관
2905,1194,7,농업박물관
2906,1194,4,농업박물관
2907,1195,1,장충체육관
2908,1195,4,장충체육관
2909,1196,2,아이러브아트센터
2910,1196,7,아이러브아트센터
2911,1197,3,몽촌역사관
2912,1197,7,몽촌역사관
2913,1198,3,갤러리 JJ
2914,1198,7,갤러리 JJ
2915,1199,7,노원문화원
2916,1199,3,노원문화원
2917,1199,4,노원문화원
2918,1200,3,간송미술관
2919,1200,7,간송미술관
2920,1200,4,간송미술관
2921,1201,4,구로구립개봉어린이도서관
2922,1202,3,OCI미술관
2923,1202,7,OCI미술관
2924,1202,4,OCI미술관
2925,1203,3,쉼박물관
2926,1203,7,쉼박물관
2927,1203,4,쉼박물관
2928,1204,3,서울올림픽기념관
2929,1204,7,서울올림픽기념관
2930,1205,3,이화여자대학교 박물관
2931,1205,4,이화여자대학교 박물관
2932,1206,3,한국금융사박물관
2933,1206,7,한국금융사박물관
2934,1206,4,한국금융사박물관
2935,1207,3,성북구립최만린미술관
2936,1207,7,성북구립최만린미술관
2937,1207,4,성북구립최만린미술관
2938,1208,4,강남구립청담도서관
2939,1209,4,금천구립시흥도서관
2940,1210,4,서울자유시민대학
2941,1211,4,성동구립용답도서관
2942,1212,4,강남구립논현도서관
2943,1213,7,서울문화예술철도 영등포시장역(아트온더무브)
2944,1214,3,서울금성당 샤머니즘박물관
2945,1214,7,서울금성당 샤머니즘박물관
2946,1214,4,서울금성당 샤머니즘박물관
2947,1215,4,용산공예관
2948,1216,4,동대문도서관
2949,1217,1,서울로 7017
2950,1218,4,아름꿈도서관
2951,1219,3,갤러리 비선재
2952,1219,7,갤러리 비선재
2953,1220,4,강남구립행복한도서관
2954,1221,4,강남구립역삼푸른솔도서관
2955,1222,4,강남구립못골도서관
2956,1223,4,금천구립금나래도서관
2957,1224,6,서리풀청년아트갤러리
2958,1224,7,서리풀청년아트갤러리
2959,1224,3,서리풀청년아트갤러리
2960,1225,3,현대카드 스토리지
2961,1225,7,현대카드 스토리지
2962,1226,4,용산구립청파도서관
2963,1227,3,서울과학기술대학교
2964,1227,4,서울과학기술대학교
2965,1228,7,광운대학교동해문화예술관
2966,1228,3,광운대학교동해문화예술관
2967,1228,4,광운대학교동해문화예술관
2968,1229,2,국립극단 백성희장민호극장
2969,1229,7,국립극단 백성희장민호극장
2970,1230,6,팝콘D스퀘어
2971,1230,7,팝콘D스퀘어
2972,1231,2,대원 콘텐츠 라이브
2973,1231,7,대원 콘텐츠 라이브
2974,1232,4,월곡꿈그림도서관
2975,1233,3,한양대학교 박물관
2976,1233,4,한양대학교 박물관
2977,1234,4,우리소리도서관
2978,1235,2,예스24 라이브홀
2979,1235,7,예스24 라이브홀
2980,1236,3,사비나미술관
2981,1236,7,사비나미술관
2982,1236,4,사비나미술관
2983,1237,3,BHAK
2984,1237,7,BHAK
2985,1238,3,전쟁기념관
2986,1238,7,전쟁기념관
2987,1239,3,덕성여자대학교 박물관
2988,1239,4,덕성여자대학교 박물관
2989,1240,3,도산안창호 기념관
2990,1240,7,도산안창호 기념관
2991,1241,6,김희수아트센터
2992,1241,7,김희수아트센터
2993,1242,6,국립박물관문화재단
2994,1242,7,국립박물관문화재단
2995,1242,3,국립박물관문화재단
2996,1242,4,국립박물관문화재단
2997,1243,4,용산 고래이야기 작은도서관
2998,1244,4,수색동 주민센터(다목적실)
2999,1245,4,서울특별시 청년허브
3000,1246,3,서울시립미술관 서소문본관
3001,1246,7,서울시립미술관 서소문본관
3002,1246,4,서울시립미술관 서소문본관
3003,1247,3,경찰박물관
3004,1247,7,경찰박물관
3005,1247,4,경찰박물관
3006,1248,3,국립민속박물관
3007,1248,7,국립민속박물관
3008,1248,4,국립민속박물관
3009,1249,3,한국가구박물관
3010,1249,7,한국가구박물관
3011,1249,4,한국가구박물관
3012,1250,7,서초문화원
3013,1250,3,서초문화원
3014,1250,4,서초문화원
3015,1251,3,한국은행 화폐박물관
3016,1251,7,한국은행 화폐박물관
3017,1251,4,한국은행 화폐박물관
3018,1252,3,코리아나 화장박물관
3019,1252,7,코리아나 화장박물관
3020,1252,4,코리아나 화장박물관
3021,1253,2,롯데월드 시네마
3022,1253,7,롯데월드 시네마
3023,1254,3,윤동주문학관
3024,1254,7,윤동주문학관
3025,1255,4,구로구립온누리도서관
3026,1256,4,세곡도서관
3027,1257,3,안중근의사기념관
3028,1257,7,안중근의사기념관
3029,1258,6,도봉문화재단 쌍문채움도서관
3030,1258,7,도봉문화재단 쌍문채움도서관
3031,1259,3,한국천주교순교자박물관
3032,1259,7,한국천주교순교자박물관
3033,1259,4,한국천주교순교자박물관
3034,1260,3,관악구청
3035,1260,4,관악구청
3036,1261,6,서울시창작공간
3037,1261,7,서울시창작공간
3038,1262,3,서울교육박물관
3039,1262,4,서울교육박물관
3040,1263,3,건국대학교 새천년대공연장
3041,1263,4,건국대학교 새천년대공연장
3042,1264,4,양천도서관
3043,1265,7,몽골 울란바타르 문화진흥원
3044,1266,3,디지털 파빌리온
3045,1266,7,디지털 파빌리온
3046,1267,3,서울역사박물관
3047,1267,7,서울역사박물관
3048,1267,4,서울역사박물관
3049,1268,7,돈화문 서울무형문화재교육전시장
3050,1268,3,돈화문 서울무형문화재교육전시장
3051,1268,4,돈화문 서울무형문화재교육전시장
3052,1269,6,서울생활문화센터 서교
3053,1269,7,서울생활문화센터 서교
3054,1270,7,마포문화원
3055,1270,3,마포문화원
3056,1270,4,마포문화원
3057,1271,4,서울시립과학관
3058,1272,6,서울한방진흥센터
3059,1272,7,서울한방진흥센터
3060,1273,3,스페이스 신선
3061,1273,7,스페이스 신선
3062,1274,3,갤러리비케이 이태원
3063,1274,7,갤러리비케이 이태원
3064,1275,4,구립구산동도서관마을
3065,1276,3,국립현대미술관 덕수궁
3066,1276,7,국립현대미술관 덕수궁
3067,1276,4,국립현대미술관 덕수궁
3068,1277,2,신도림 오페라하우스
3069,1277,7,신도림 오페라하우스
3070,1278,3,갤러리현대
3071,1278,7,갤러리현대
3072,1279,3,서강대학교 박물관
3073,1279,4,서강대학교 박물관
3074,1280,2,롯데시네마 노원
3075,1280,7,롯데시네마 노원
3076,1281,2,상봉시네마
3077,1281,7,상봉시네마
3078,1282,3,전기박물관
3079,1282,7,전기박물관
3080,1282,4,전기박물관
3081,1283,2,영산양재홀
3082,1283,7,영산양재홀
3083,1284,3,서울암사동유적
3084,1284,7,서울암사동유적
3085,1285,2,부암아트
3086,1285,7,부암아트
3087,1286,6,언더스탠드에비뉴
3088,1286,7,언더스탠드에비뉴
3089,1287,4,서울역사편찬원
3090,1288,4,강남구립도곡정보문화도서관
3091,1288,7,강남구립도곡정보문화도서관
3092,1289,3,신문박물관PRESSEUM
3093,1289,7,신문박물관PRESSEUM
3094,1289,4,신문박물관PRESSEUM
3095,1290,3,갤러리세줄
3096,1290,7,갤러리세줄
3097,1291,2,서울아트시네마
3098,1291,7,서울아트시네마
3099,1292,5,조계사
3100,1293,2,세실극장
3101,1293,7,세실극장
3102,1294,3,김세중미술관
3103,1294,7,김세중미술관
3104,1294,4,김세중미술관
3105,1295,3,Art Space Loo
3106,1295,7,Art Space Loo
3107,1296,3,삼각산시민청 2동
3108,1296,5,삼각산시민청 2동
3109,1297,8,삼청각
3110,1298,3,일민미술관
3111,1298,7,일민미술관
3112,1298,4,일민미술관
3113,1299,3,성북예술창작터
3114,1299,7,성북예술창작터
3115,1300,3,밀알학교 세라믹 팔레스홀
3116,1300,4,밀알학교 세라믹 팔레스홀
3117,1301,3,금나래갤러리
3118,1301,7,금나래갤러리
3119,1302,4,송파어린이도서관
3120,1303,3,가톨릭대학교 전례박물관
3121,1303,4,가톨릭대학교 전례박물관
3122,1304,3,충무로영상센터 오!재미동
3123,1304,7,충무로영상센터 오!재미동
3124,1305,1,옹기테마공원 체험장
3125,1306,6,연희문학창작촌
3126,1306,7,연희문학창작촌
3127,1307,3,성북선잠박물관
3128,1307,7,성북선잠박물관
3129,1307,4,성북선잠박물관
3130,1308,2,경향아트힐
3131,1308,7,경향아트힐
3132,1309,4,구립상림도서관
3133,1310,3,두산갤러리
3134,1310,7,두산갤러리
3135,1311,4,마포구립서강도서관
3136,1312,3,경희대학교 자연사박물관
3137,1312,4,경희대학교 자연사박물관
3138,1313,3,우면산관문사
3139,1313,5,우면산관문사
3140,1314,4,까망돌도서관
3141,1315,3,동덕여자대학교 박물관
3142,1315,4,동덕여자대학교 박물관
3143,1316,6,신당창작아케이드
3144,1316,7,신당창작아케이드
3145,1317,7,주한이탈리아문화원
3146,1317,3,주한이탈리아문화원
3147,1317,4,주한이탈리아문화원
3148,1318,7,주한일본대사관 공보문화원
3149,1318,3,주한일본대사관 공보문화원
3150,1318,4,주한일본대사관 공보문화원
3151,1319,7,주한중국문화원
3152,1319,3,주한중국문화원
3153,1319,4,주한중국문화원
3154,1320,3,경인미술관
3155,1320,7,경인미술관
3156,1320,4,경인미술관
3157,1321,2,CKL스테이지
3158,1321,7,CKL스테이지
3159,1322,4,구로구립하늘도서관
3160,1323,4,구로구립궁동어린이도서관
3161,1324,6,문래예술공장
3162,1324,7,문래예술공장
3163,1325,3,반포잠원교육지원센터
3164,1325,4,반포잠원교육지원센터
3165,1326,1,성암아트홀
3166,1327,2,파랑새극장
3167,1327,7,파랑새극장
3168,1328,3,관훈갤러리
3169,1328,7,관훈갤러리
3170,1329,3,금호미술관
3171,1329,7,금호미술관
3172,1329,4,금호미술관
3173,1330,4,정독도서관
3174,1331,3,국립중앙박물관 극장 용
3175,1331,7,국립중앙박물관 극장 용
3176,1331,4,국립중앙박물관 극장 용
3177,1332,3,숙명여자대학교 박물관
3178,1332,4,숙명여자대학교 박물관
3179,1333,3,토탈미술관
3180,1333,7,토탈미술관
3181,1333,4,토탈미술관
3182,1334,2,열린극장
3183,1334,7,열린극장
3184,1335,2,양천문화회관
3185,1335,7,양천문화회관
3186,1336,4,강남도서관
3187,1337,4,강동도서관
3188,1338,4,강북문화정보도서관
3189,1338,7,강북문화정보도서관
3190,1339,3,어반아트
3191,1339,7,어반아트
3192,1340,3,갤러리미즈
3193,1340,7,갤러리미즈
3194,1341,8,블루레인 라운지
3195,1342,3,아트사이드 갤러리
3196,1342,7,아트사이드 갤러리
3197,1343,2,동숭아트센터
3198,1343,7,동숭아트센터
3199,1344,3,이화여자대학교 자연사박물관
3200,1344,4,이화여자대학교 자연사박물관
3201,1345,3,노원평생학습관
3202,1345,5,노원평생학습관
3203,1346,3,롯데화랑(본점)
3204,1346,7,롯데화랑(본점)
3205,1347,2,노원어린이극장
3206,1347,7,노원어린이극장
3207,1348,2,영산아트홀
3208,1348,7,영산아트홀
3209,1349,3,소마미술관
3210,1349,7,소마미술관
3211,1349,4,소마미술관
3212,1350,3,초전섬유 퀼트박물관
3213,1350,7,초전섬유 퀼트박물관
3214,1350,4,초전섬유 퀼트박물관
3215,1351,3,동산방화랑
3216,1351,7,동산방화랑
3217,1352,3,육군박물관
3218,1352,7,육군박물관
3219,1352,4,육군박물관
3220,1353,2,예술의 전당
3221,1353,7,예술의 전당
3222,1354,2,연우소극장
3223,1354,7,연우소극장
3224,1355,3,조선일보미술관
3225,1355,7,조선일보미술관
3226,1355,4,조선일보미술관
3227,1356,3,조형갤러리
3228,1356,7,조형갤러리
3229,1357,3,카이스갤러리
3230,1357,7,카이스갤러리
3231,1358,2,백암아트홀
3232,1358,7,백암아트홀
3233,1359,2,뮤지컬점프
3234,1359,7,뮤지컬점프
3235,1360,3,PKM 갤러리
3236,1360,7,PKM 갤러리
3237,1361,2,모차르트홀
3238,1361,7,모차르트홀
3239,1362,1,서울월드컵경기장
3240,1363,3,갤러리 룩스
3241,1363,7,갤러리 룩스
3242,1364,2,대한극장
3243,1364,7,대한극장
3244,1365,3,표갤러리
3245,1365,7,표갤러리
3246,1366,3,예화랑
3247,1366,7,예화랑
3248,1367,3,성곡미술관
3249,1367,7,성곡미술관
3250,1367,4,성곡미술관
3251,1368,6,대학로연습실
3252,1368,7,대학로연습실
3253,1369,2,국립국악원
3254,1369,7,국립국악원
3255,1369,5,국립국악원
3256,1370,2,국립극장
3257,1370,7,국립극장
3258,1371,4,국립서울과학관
3259,1372,3,서울대학교 치의학대학원 치의학박물관
3260,1372,4,서울대학교 치의학대학원 치의학박물관
3261,1373,2,금호아트홀 연세
3262,1373,7,금호아트홀 연세
3263,1374,2,나루아트센터
3264,1374,7,나루아트센터
3265,1375,2,극단 대학로극장
3266,1375,7,극단 대학로극장
3267,1376,3,갤러리원
3268,1376,7,갤러리원
3269,1377,3,대림미술관
3270,1377,7,대림미술관
3271,1377,4,대림미술관
3272,1378,3,아트센터 나비
3273,1378,7,아트센터 나비
3274,1379,2,명동대성당 꼬스트홀
3275,1379,7,명동대성당 꼬스트홀
3276,1380,3,선화랑
3277,1380,7,선화랑
3278,1381,3,한국영화박물관
3279,1381,7,한국영화박물관
3280,1381,4,한국영화박물관
3281,1382,3,세계장신구박물관
3282,1382,7,세계장신구박물관
3283,1382,4,세계장신구박물관
3284,1383,3,서울약령시한의약박물관
3285,1383,7,서울약령시한의약박물관
3286,1383,4,서울약령시한의약박물관
3287,1384,3,환기미술관
3288,1384,7,환기미술관
3289,1384,4,환기미술관
3290,1385,3,북촌박물관
3291,1385,7,북촌박물관
3292,1385,4,북촌박물관
3293,1386,3,영인문학관
3294,1386,7,영인문학관
3295,1387,3,연세대학교신촌캠퍼스박물관
3296,1387,7,연세대학교신촌캠퍼스박물관
3297,1387,4,연세대학교신촌캠퍼스박물관
3298,1388,3,숙명여자대학교 정영양자수박물관
3299,1388,4,숙명여자대학교 정영양자수박물관
3300,1389,3,백범김구기념관
3301,1389,7,백범김구기념관
3302,1390,3,보나장신구박물관
3303,1390,7,보나장신구박물관
3304,1390,4,보나장신구박물관
3305,1391,3,한국불교역사 문화기념관
3306,1391,7,한국불교역사 문화기념관
3307,1391,5,한국불교역사 문화기념관
3308,1392,3,상명대학교 박물관
3309,1392,4,상명대학교 박물관
3310,1393,2,서울돈화문국악당
3311,1393,7,서울돈화문국악당
3312,1393,5,서울돈화문국악당
3313,1394,7,용산문화원
3314,1394,3,용산문화원
3315,1394,4,용산문화원
3316,1395,4,롯데월드 어드벤처
3317,1396,3,호림박물관
3318,1396,7,호림박물관
3319,1396,4,호림박물관
3320,1397,3,서대문형무소역사관
3321,1397,7,서대문형무소역사관
3322,1398,2,삼일로창고극장
3323,1398,7,삼일로창고극장
3324,1399,3,인사아트프라자갤러리
3325,1399,7,인사아트프라자갤러리
3326,1400,2,샤롯데씨어터
3327,1400,7,샤롯데씨어터
3328,1401,3,명원박물관
3329,1401,7,명원박물관
3330,1401,4,명원박물관
3331,1402,2,소월아트홀
3332,1402,7,소월아트홀
3333,1403,3,생명과학박물관
3334,1403,7,생명과학박물관
3335,1403,4,생명과학박물관
3336,1404,3,고려대학교 박물관
3337,1404,4,고려대학교 박물관
3338,1405,2,금천마을활력소 어울샘
3339,1406,2,두산아트센터 스페이스111
3340,1406,7,두산아트센터 스페이스111
3341,1407,6,아트숨비센터 
3342,1407,7,아트숨비센터 
3343,1408,3,무빙아트미술교육원 
3344,1408,4,무빙아트미술교육원 
3345,1409,2,대안공간 ○:PEN
3346,1409,7,대안공간 ○:PEN
3347,1410,5,서울풍물시장 청춘일번가
3348,1411,6,서울생활문화센터 체부
3349,1411,7,서울생활문화센터 체부
3350,1412,3,서울도시건축전시관
3351,1412,7,서울도시건축전시관
3352,1413,3,슈페리어갤러리
3353,1413,7,슈페리어갤러리
3354,1414,6,서울생활문화센터 낙원
3355,1414,7,서울생활문화센터 낙원
3356,1415,5,플랫폼창동61
3357,1416,4,구로구립 꿈마을도서관
3358,1417,2,평촌아트홀
3359,1417,7,평촌아트홀
3360,1418,3,종로구립 고희동미술관
3361,1418,7,종로구립 고희동미술관
3362,1418,4,종로구립 고희동미술관
3363,1419,3,갤러리 구루지
3364,1419,7,갤러리 구루지
3365,1420,8,SPACE 1257
3366,1421,3,세계골프역사박물관
3367,1421,7,세계골프역사박물관
3368,1421,4,세계골프역사박물관
3369,1422,3,경춘선숲길 갤러리
3370,1422,7,경춘선숲길 갤러리
3371,1423,3,국립중앙박물관
3372,1423,7,국립중앙박물관
3373,1423,4,국립중앙박물관
3374,1424,2,청춘극장
3375,1424,7,청춘극장
3376,1425,3,서울우리소리박물관
3377,1425,7,서울우리소리박물관
3378,1425,4,서울우리소리박물관
3379,1426,4,대방어린이도서관
3380,1427,1,광진숲나루
3381,1428,7,북촌전통공예체험관
3382,1429,3,함석헌기념관
3383,1429,7,함석헌기념관
3384,1430,3,SeMA 벙커
3385,1430,7,SeMA 벙커
3386,1431,3,다문화박물관
3387,1431,7,다문화박물관
3388,1431,4,다문화박물관
3389,1432,3,갤러리 히든플레이스
3390,1432,7,갤러리 히든플레이스
3391,1433,1,서울광장
3392,1434,3,갤러리240
3393,1434,7,갤러리240
3394,1435,3,장디자인아트 JeanDesignArt
3395,1435,7,장디자인아트 JeanDesignArt
3396,1436,3,청화랑
3397,1436,7,청화랑
3398,1437,3,북서울꿈의숲아트센터 드림갤러리
3399,1437,7,북서울꿈의숲아트센터 드림갤러리
3400,1438,1,남산 소나무 힐링숲
3401,1439,4,국사봉숲속작은도서관
3402,1440,1,남산공원 호현당
3403,1441,3,호리아트스페이스
3404,1441,7,호리아트스페이스
3405,1442,3,전태일기념관
3406,1442,7,전태일기념관
3407,1443,3,동작아트갤러리
3408,1443,7,동작아트갤러리
3409,1444,1,북서울꿈의숲아트센터
3410,1445,3,이한열기념관
3411,1445,7,이한열기념관
3412,1446,2,유니플렉스
3413,1446,7,유니플렉스
3414,1447,2,선돌극장 (예술 공연장)
3415,1447,7,선돌극장 (예술 공연장)
3416,1448,7,동작문화원
3417,1448,3,동작문화원
3418,1448,4,동작문화원
3419,1449,2,충무아트센터
3420,1449,7,충무아트센터
3421,1450,4,국립중앙도서관 실감서재
3422,1451,4,구로기적의도서관
3423,1452,3,브랜뉴디지털아트갤러리
3424,1452,7,브랜뉴디지털아트갤러리
3425,1453,1,오류역 문화공원
3426,1453,7,오류역 문화공원
3427,1454,3,기생충박물관
3428,1454,7,기생충박물관
3429,1454,4,기생충박물관
3430,1455,4,사당솔밭도서관
3431,1456,2,서울놀이마당
3432,1456,7,서울놀이마당
3433,1457,3,경교장(사적 제465호)
3434,1457,7,경교장(사적 제465호)
3435,1458,6,하라스튜디오
3436,1458,7,하라스튜디오
3437,1459,4,동작어린이도서관
3438,1460,3,도봉구민청 1층 갤러리
3439,1460,7,도봉구민청 1층 갤러리
3440,1461,4,약수도서관
3441,1462,4,불암도서관
3442,1463,2,아티스탄홀
3443,1463,7,아티스탄홀
3444,1464,2,마루아트홀
3445,1464,7,마루아트홀
3446,1465,3,북촌한옥역사관
3447,1465,7,북촌한옥역사관
3448,1466,4,경의선 책거리
3449,1467,1,서울기록원
3450,1468,1,서울시청 하늘광장 갤러리
3451,1468,3,서울시청 하늘광장 갤러리
3452,1468,7,서울시청 하늘광장 갤러리
3453,1469,6,상계예술마당
3454,1469,7,상계예술마당
3455,1470,3,사육신역사관
3456,1470,7,사육신역사관
3457,1471,4,동작샘터도서관
3458,1472,6,문화공간 정담
3459,1472,7,문화공간 정담
3460,1473,6,강남힐링센터(코엑스)
3461,1473,7,강남힐링센터(코엑스)
3462,1474,3,중랑아트센터
3463,1474,7,중랑아트센터
3464,1475,2,답십리영화미디어아트센터
3465,1475,7,답십리영화미디어아트센터
3466,1476,2,국립극장
3467,1476,7,국립극장
3468,1477,4,김영삼도서관
3469,1478,3,청계천박물관 
3470,1478,7,청계천박물관 
3471,1478,4,청계천박물관 
3472,1479,7,성북문화원
3473,1479,3,성북문화원
3474,1479,4,성북문화원
3475,1480,2,음악플러스 아트홀
3476,1480,7,음악플러스 아트홀
3477,1481,4,양천중앙도서관
3478,1482,4,김근태기념도서관
3479,1483,6,송파문화재단
3480,1483,7,송파문화재단
3481,1484,3,송원아트센터
3482,1484,7,송원아트센터
3483,1485,4,서울에너지드림센터
3484,1486,3,구캔갤러리
3485,1486,7,구캔갤러리
3486,1487,2,금천뮤지컬센터
3487,1487,7,금천뮤지컬센터
3488,1488,4,강남구립열린도서관
3489,1489,4,맛동
3490,1490,3,제1서울창의예술교육센터 
3491,1490,4,제1서울창의예술교육센터 
3492,1491,3,삼원갤러리
3493,1491,7,삼원갤러리
3494,1492,3,한양도성 유적전시관
3495,1492,7,한양도성 유적전시관
3496,1493,3,스페이스 이수 
3497,1493,7,스페이스 이수 
3498,1494,6,신도림 문화공간 다락
3499,1494,7,신도림 문화공간 다락
3500,1495,3,감정서가 (서울예술교육센터)
3501,1495,4,감정서가 (서울예술교육센터)
3502,1496,4,학마을도서관
3503,1497,3,두손 갤러리
3504,1497,7,두손 갤러리
3505,1498,6,서울관광플라자
3506,1498,7,서울관광플라자
3507,1499,3,ADM 갤러리
3508,1499,7,ADM 갤러리
3509,1500,3,올리비아 박갤러리
3510,1500,7,올리비아 박갤러리
3511,1501,4,금천구립시흥도서관
3512,1502,3,서울공예박물관
3513,1502,7,서울공예박물관
3514,1502,4,서울공예박물관
3515,1503,3,근현대사기념관 
3516,1503,7,근현대사기념관 
3517,1504,3,신한갤러리
3518,1504,7,신한갤러리
3519,1505,3,김중업 건축문화의집
3520,1505,7,김중업 건축문화의집
3521,1506,2,광진어린이공연장
3522,1506,7,광진어린이공연장
3523,1507,6,드플로허
3524,1507,7,드플로허
3525,1508,4,개울건강도서관
3526,1509,6,재단법인 동작문화재단
3527,1509,7,재단법인 동작문화재단
3528,1510,6,강동문화재단
3529,1510,7,강동문화재단
3530,1511,2,강남씨어터
3531,1511,7,강남씨어터
3532,1512,2,금나래아트홀
3533,1512,7,금나래아트홀
3534,1513,1,광화문광장
3535,1514,6,라움아트센터
3536,1514,7,라움아트센터
3537,1515,2,클라라 아트홀
3538,1515,7,클라라 아트홀
3539,1516,2,관악아트홀
3540,1516,7,관악아트홀
3541,1517,6,종로문화재단
3542,1517,7,종로문화재단
3543,1518,6,KB 청춘마루
3544,1518,7,KB 청춘마루
3545,1519,3,G밸리산업박물관
3546,1519,7,G밸리산업박물관
3547,1519,4,G밸리산업박물관
3548,1520,6,무중력지대 도봉
3549,1520,7,무중력지대 도봉
3550,1521,6,씨알방학간
3551,1521,7,씨알방학간
3552,1522,6,크리에이터스 스페이스
3553,1522,7,크리에이터스 스페이스
3554,1523,4,다울작은도서관
3555,1524,6,관악문화재단
3556,1524,7,관악문화재단
3557,1525,6,도봉문화재단
3558,1525,7,도봉문화재단
3559,1526,3,둘리뮤지엄
3560,1526,7,둘리뮤지엄
3561,1527,6,서울새활용플라자
3562,1527,7,서울새활용플라자
3563,1528,1,창동역 1번출구 광장
3564,1529,2,파리공원 야외공연장
3565,1529,7,파리공원 야외공연장
3566,1530,4,아차산숲속도서관
3567,1531,3,인사1010 갤러리
3568,1531,7,인사1010 갤러리
3569,1532,1,신림다목적체육센터
3570,1532,4,신림다목적체육센터
3571,1533,4,서초구립양재도서관
3572,1534,6,한식문화공간 이음
3573,1534,7,한식문화공간 이음
3574,1535,6,만천명월예술인家
3575,1535,7,만천명월예술인家
3576,1536,4,도봉아이나라도서관
3577,1537,4,중곡문화체육센터도서관
3578,1537,1,중곡문화체육센터도서관
3579,1537,7,중곡문화체육센터도서관
3580,1538,3,종로구립 박노수미술관
3581,1538,7,종로구립 박노수미술관
3582,1538,4,종로구립 박노수미술관
3583,1539,4,소나무언덕4호작은도서관
3584,1540,3,케이움 갤러리 
3585,1540,7,케이움 갤러리 
3586,1541,6,문화실험공간 호수 
3587,1541,7,문화실험공간 호수 
3588,1542,2,종로 아이들극장
3589,1542,7,종로 아이들극장
3590,1543,6,서울아트책보고
3591,1543,7,서울아트책보고
3592,1544,4,송파위례도서관
3593,1545,2,동방뮤지컬컴퍼니
3594,1545,7,동방뮤지컬컴퍼니
3595,1546,1,서울어린이대공원 열린무대
3596,1547,3,세종뮤지엄갤러리
3597,1547,7,세종뮤지엄갤러리
3598,1548,6,구립영등포아트스퀘어 
3599,1548,7,구립영등포아트스퀘어 
3600,1549,4,한국점자도서관
3601,1550,3,YK Presents
3602,1550,7,YK Presents
3603,1551,4,청운문학도서관
3604,1552,4,느티나무어린이도서관
3605,1553,2,오류아트홀
3606,1553,7,오류아트홀
3607,1554,4,강남구립개포하늘꿈도서관
3608,1555,4,미감도서관
3609,1556,3,세종대학교 박물관
3610,1556,4,세종대학교 박물관
3611,1557,1,중랑장미공원
3612,1558,3,서울시립 미술아카이브
3613,1558,7,서울시립 미술아카이브
3614,1559,4,마포중앙도서관 갤러리
3615,1559,3,마포중앙도서관 갤러리
3616,1559,7,마포중앙도서관 갤러리
3617,1560,3,삼성출판박물관
3618,1560,7,삼성출판박물관
3619,1560,4,삼성출판박물관
3620,1561,4,서초구립잠원도서관
3621,1562,4,구의제3동도서관
3622,1563,2,정효아트홀
3623,1563,7,정효아트홀
3624,1564,1,예빛섬
3625,1565,3,세종아트갤러리
3626,1565,7,세종아트갤러리
3627,1566,4,구로도서관
3628,1567,8,은평구평생학습관
3629,1568,3,임수빈갤러리
3630,1568,7,임수빈갤러리
3631,1569,4,구립응암정보도서관
3632,1570,3,갤러리광화
3633,1570,7,갤러리광화
3634,1571,1,서울어린이대공원 숲속의무대
3635,1572,6,상촌재
3636,1572,7,상촌재
3637,1573,4,자양한강도서관
3638,1574,4,소나무언덕2호도서관
3639,1575,4,소나무언덕잠실본동도서관
3640,1576,3,갤러리 인덱스
3641,1576,7,갤러리 인덱스
3642,1577,3,공근혜갤러리 K.O.N.G. GALLERY
3643,1577,7,공근혜갤러리 K.O.N.G. GALLERY
3644,1578,3,백남준기념관
3645,1578,7,백남준기념관
3646,1579,6,IPAC아트홀
3647,1579,7,IPAC아트홀
3648,1580,1,북서울꿈의숲
3649,1581,4,원당마을한옥도서관
3650,1582,4,군자동도서관
3651,1583,3,경희대학교 중앙박물관
3652,1583,4,경희대학교 중앙박물관
3653,1584,7,이스라엘문화원
3654,1584,3,이스라엘문화원
3655,1584,4,이스라엘문화원
3656,1585,4,경동시장 청년몰
3657,1586,6,청년공간 바라
3658,1586,7,청년공간 바라
3659,1587,2,연희예술극장
3660,1587,7,연희예술극장
3661,1588,3,계동배렴가옥
3662,1588,7,계동배렴가옥
3663,1589,4,송파구민회관
3664,1590,3,아트잠실
3665,1590,7,아트잠실
3666,1591,3,흥인지문
3667,1591,7,흥인지문
3668,1592,3,싱글벙글교육센터
3669,1592,4,싱글벙글교육센터
3670,1593,2,블루스퀘어
3671,1593,7,블루스퀘어
3672,1594,1,금빛공원 야외공연장
3673,1595,3,백인제가옥
3674,1595,7,백인제가옥
3675,1596,4,북촌한옥청
3676,1597,1,여의도공원
3677,1598,3,가회민화박물관
3678,1598,7,가회민화박물관
3679,1598,4,가회민화박물관
3680,1599,1,흑석체육센터
3681,1599,4,흑석체육센터
3682,1600,5,서울시농수산식품공사 가락몰 쿠킹스튜디오
3683,1601,3,서울예술교육센터
3684,1601,4,서울예술교육센터
3685,1602,4,마포평생학습관 마포리움
3686,1603,3,서울대학교 미술관
3687,1603,7,서울대학교 미술관
3688,1603,4,서울대학교 미술관
3689,1604,4,서울거리예술창작센터
3690,1605,6,신촌문화발전소
3691,1605,7,신촌문화발전소
3692,1606,4,소나무언덕1호작은도서관
3693,1607,7,강서구민회관
3694,1608,4,공간 630
3695,1609,8,앤스 갤러리 카페(Ns Cafe)
3696,1609,3,앤스 갤러리 카페(Ns Cafe)
3697,1609,7,앤스 갤러리 카페(Ns Cafe)
3698,1610,3,창경궁
3699,1610,7,창경궁
3700,1611,3,캔버스N 갤러리
3701,1611,7,캔버스N 갤러리
3702,1612,6,정동1928 아트센터
3703,1612,7,정동1928 아트센터
3704,1613,6,아르코예술기록원
3705,1613,7,아르코예술기록원
3706,1614,4,성북정보도서관
3707,1615,7,북촌도시재생지원센터 가회동 공공한옥
3708,1616,5,노원구민의전당
3709,1617,4,동대문구정보화도서관
3710,1618,3,강남전시실
3711,1618,7,강남전시실
3712,1619,2,석촌호수 아뜰리에
3713,1619,7,석촌호수 아뜰리에
3714,1620,4,동대문구답십리도서관
3715,1621,2,유니버설아트센터
3716,1621,7,유니버설아트센터
3717,1622,6,성수 산업혁신공간
3718,1622,7,성수 산업혁신공간
3719,1623,6,청춘삘딩
3720,1623,7,청춘삘딩
3721,1624,4,신영시장
3722,1625,5,N서울타워
3723,1626,3,창덕궁 돈화문
3724,1626,7,창덕궁 돈화문
3725,1627,6,아트룸블루
3726,1627,7,아트룸블루
3727,1628,4,중랑구립면목정보도서관
3728,1629,2,석촌호수 아뜰리에
3729,1629,7,석촌호수 아뜰리에
3730,1630,6,서울생활문화센터 신도림
3731,1630,7,서울생활문화센터 신도림
3732,1631,2,거암아트홀
3733,1631,7,거암아트홀
3734,1632,1,용마폭포공원
3735,1633,4,송파어린이영어도서관
3736,1634,2,꿈의숲아트센터 퍼포먼스홀
3737,1634,7,꿈의숲아트센터 퍼포먼스홀
3738,1635,4,돌마리도서관
3739,1636,2,단막극장
3740,1636,7,단막극장
3741,1637,2,하남문화예술회관 
3742,1637,7,하남문화예술회관 
3743,1638,4,서울특별시농업기술센터
3744,1639,6,성수문화예술마당
3745,1639,7,성수문화예술마당
3746,1640,2,서울시립교향악단
3747,1640,7,서울시립교향악단
3748,1641,4,마을극장 흰고무신
3749,1642,3,CN갤러리 (충남문화예술 서울전시장)
3750,1642,7,CN갤러리 (충남문화예술 서울전시장)
3751,1643,3,마루아트센터
3752,1643,7,마루아트센터
3753,1644,8,카페 쓸
3754,1645,3,알부스갤러리
3755,1645,7,알부스갤러리
3756,1646,6,삼각산시민청 1동
3757,1646,7,삼각산시민청 1동
3758,1647,3,총신대학교 백남조 기념홀
3759,1647,4,총신대학교 백남조 기념홀
3760,1648,6,상상비즈아카데미
3761,1648,7,상상비즈아카데미
3762,1649,4,글빛정보도서관
3763,1650,2,문화일보홀(현 청춘극장)
3764,1650,7,문화일보홀(현 청춘극장)
3765,1651,2,JCC 아트센터
3766,1651,7,JCC 아트센터
3767,1652,3,배재학당역사박물관
3768,1652,7,배재학당역사박물관
3769,1652,4,배재학당역사박물관
3770,1653,6,눈스퀘어
3771,1653,7,눈스퀘어
3772,1654,2,상도어울마당 아트홀
3773,1654,7,상도어울마당 아트홀
3774,1655,3,홍난파가옥
3775,1655,7,홍난파가옥
3776,1656,6,표현하다 스튜디오
3777,1656,7,표현하다 스튜디오
3778,1657,7,송파문화원
3779,1657,3,송파문화원
3780,1657,4,송파문화원
3781,1658,2,강동아트센터
3782,1658,7,강동아트센터
3783,1659,2,해바라기 소극장
3784,1659,7,해바라기 소극장
3785,1660,1,뚝섬한강공원
3786,1661,4,강남구립즐거운도서관
3787,1662,2,강북문화예술회관
3788,1662,7,강북문화예술회관
3789,1663,3,서울로미디어캔버스
3790,1663,7,서울로미디어캔버스
3791,1664,3,짚풀생활사박물관
3792,1664,7,짚풀생활사박물관
3793,1664,4,짚풀생활사박물관
3794,1665,2,서울성북미디어문화마루 꿈빛극장
3795,1665,7,서울성북미디어문화마루 꿈빛극장
3796,1666,3,갤러리 모나리자 산촌
3797,1666,7,갤러리 모나리자 산촌
3798,1667,4,강동성심병원
3799,1668,1,목동운동장
3800,1669,4,강동구립해공도서관
3801,1670,1,건강힐링센터
3802,1671,3,삼각산금암미술관
3803,1671,7,삼각산금암미술관
3804,1671,4,삼각산금암미술관
3805,1672,3,프로타주 갤러리
3806,1672,7,프로타주 갤러리
3807,1673,3,돈의문박물관마을
3808,1673,4,돈의문박물관마을
3809,1674,4,이진아기념도서관
3810,1675,3,홍익대학교 박물관
3811,1675,4,홍익대학교 박물관
3812,1676,1,낙성대공원
3813,1677,6,문화역서울284
3814,1677,7,문화역서울284
3815,1678,6,청년예술청 SAPY
3816,1678,7,청년예술청 SAPY
3817,1679,6,돌곶이생활예술문화센터
3818,1679,7,돌곶이생활예술문화센터
3819,1680,3,화정박물관
3820,1680,7,화정박물관
3821,1680,4,화정박물관
3822,1681,3, 황학정 국궁전시관
3823,1681,7, 황학정 국궁전시관
3824,1682,2,국립극단 명동예술극장
3825,1682,7,국립극단 명동예술극장
3826,1683,1,삼청공원
3827,1684,2,아르코예술극장
3828,1684,7,아르코예술극장
3829,1685,1,삼태기숲
3830,1686,2,한국의 집 민속극장
3831,1686,7,한국의 집 민속극장
3832,1687,3,보신각
3833,1687,7,보신각
3834,1688,3,우정총국
3835,1688,7,우정총국
3836,1689,3,ANDNEW GALLERY(앤드뉴 갤러리)
3837,1689,7,ANDNEW GALLERY(앤드뉴 갤러리)
3838,1690,3,간송옛집
3839,1690,7,간송옛집
3840,1691,1,한강공원
3841,1692,3,용산역사박물관
3842,1692,7,용산역사박물관
3843,1692,4,용산역사박물관
3844,1693,4,G밸리창업복지센터
3845,1694,1,열린송현녹지광장
3846,1695,6,창신소통공작소
3847,1695,7,창신소통공작소
3848,1696,3,샬트르성바오로수녀회 역사박물관
3849,1696,7,샬트르성바오로수녀회 역사박물관
3850,1696,4,샬트르성바오로수녀회 역사박물관
3851,1697,4,국립서울현충원
3852,1698,3,갤러리필로소피
3853,1698,7,갤러리필로소피
3854,1699,2,아리랑 씨네센터
3855,1699,7,아리랑 씨네센터
3856,1700,8,카페프로젝트이응
3857,1701,1,반포한강공원
3858,1702,3,연세대학교
3859,1702,4,연세대학교
3860,1703,3,에프레미디스
3861,1703,7,에프레미디스
3862,1704,4,콘래드 서울 호텔
3863,1705,3,선농단역사문화관
3864,1705,7,선농단역사문화관
3865,1707,1,원당샘공원
3866,1708,6,수림큐브
3867,1708,7,수림큐브
3868,1709,6,심산기념문화센터
3869,1709,7,심산기념문화센터
3870,1710,1,올림픽공원
3871,1711,6,복합문화공간 홍대스페이스M 
3872,1711,7,복합문화공간 홍대스페이스M 
3873,1712,4,고덕평생학습관
3874,1713,3,알비 (ARBY)
3875,1713,7,알비 (ARBY)
3876,1714,2,명보아트홀
3877,1714,7,명보아트홀
3878,1715,8,시그니처 키친 스위트 청담
3879,1716,3,KP Gallery
3880,1716,7,KP Gallery
3881,1717,2,대학로극장 쿼드
3882,1717,7,대학로극장 쿼드
3883,1718,6,관천로 문화플랫폼 S1472
3884,1718,7,관천로 문화플랫폼 S1472
3885,1719,4,마포중앙도서관
3886,1720,3,캔버스N 갤러리
3887,1720,7,캔버스N 갤러리
3888,1721,7,서울숲 생활문화센터
3889,1722,1,서서울호수공원
3890,1723,4,대한성공회 서울주교좌성당
3891,1724,4,수유문화정보센터
3892,1724,7,수유문화정보센터
3893,1725,2,서울숲야외무대
3894,1725,7,서울숲야외무대
3895,1726,3,스페이스K 서울
3896,1726,7,스페이스K 서울
3897,1727,4,서울애니메이션센터
3898,1728,1,청계광장
3899,1729,1,용산어린이정원
3900,1730,6,무계원
3901,1730,7,무계원
3902,1731,7,금천문화원
3903,1731,3,금천문화원
3904,1731,4,금천문화원
3905,1732,3,아트스페이스 보안1942(통의동 보안여관)
3906,1732,7,아트스페이스 보안1942(통의동 보안여관)
3907,1733,6,서울문화재단 대학로센터(예술청)
3908,1733,7,서울문화재단 대학로센터(예술청)
3909,1734,6,서리풀청년아트센터
3910,1734,7,서리풀청년아트센터
3911,1735,3,갤러리자유(Gallery Jayu)
3912,1735,7,갤러리자유(Gallery Jayu)
3913,1736,1,목동종합운동장실내아이스링크
3914,1737,6,문화비축기지
3915,1737,7,문화비축기지
3916,1738,2,오유아트홀
3917,1738,7,오유아트홀
3918,1739,4,강서도서관
3919,1740,4,관악중앙도서관
3920,1741,1,서울식물원
3921,1741,3,서울식물원
3922,1742,3,YDP창의예술교육센터
3923,1742,4,YDP창의예술교육센터
3924,1743,4,송파글마루도서관
3925,1744,3,영등포평생학습관
3926,1745,3,서소문성지 역사박물관
3927,1745,7,서소문성지 역사박물관
3928,1745,4,서소문성지 역사박물관
3929,1746,6,서울마포음악창작소
3930,1746,7,서울마포음악창작소
3931,1747,4,반포대로 
3932,1748,1,중랑캠핑숲
3933,1748,3,중랑캠핑숲
3934,1749,3,서울시립대학교 박물관
3935,1749,4,서울시립대학교 박물관
3936,1750,1,월드컵공원
3937,1751,3,갤러리 조은
3938,1751,7,갤러리 조은
3939,1752,3,서초구청
3940,1752,4,서초구청
3941,1753,4,중랑상봉도서관
3942,1754,3,서울시립대학교
3943,1754,4,서울시립대학교
3944,1755,3,동국대학교 박물관
3945,1755,4,동국대학교 박물관
3946,1756,1,정동제일교회
3947,1756,3,정동제일교회
3948,1757,3,롯데시네마 가산디지털점
3949,1758,4,해창양복점
3950,1759,4,한영양복점
3951,1760,4,상동교회(구 새로나백화점)
3952,1761,8,라 칸티나
3953,1761,4,라 칸티나
3954,1762,4,남대문시장
3955,1763,4,홍대 앞 서교 365
3956,1764,4,경춘선 폐철도노선
3957,1765,4,연남동 기사식당 거리
3958,1766,4,서울화력발전소(당인리발전소)
3959,1767,4,남대문 지하보도
3960,1768,4,남대문교회
3961,1769,4,서울역 고가도로
3962,1770,1,서울역광장
3963,1770,4,서울역광장
3964,1771,4,서울풍물시장
3965,1772,3,청계천 고가도로 존치 기념물
3966,1772,7,청계천 고가도로 존치 기념물
3967,1772,4,청계천 고가도로 존치 기념물
3968,1773,4,동대문패션타운
3969,1774,4,청계천 헌책방거리
3970,1775,4,신평화시장
3971,1776,3,윤극영 가옥
3972,1776,7,윤극영 가옥
3973,1776,4,윤극영 가옥
3974,1777,4,국립 4.19민주묘지
3975,1778,4,이마트 창동점
3976,1779,3,남정현 가옥
3977,1779,7,남정현 가옥
3978,1779,4,남정현 가옥
3979,1780,3,함석헌 가옥
3980,1780,7,함석헌 가옥
3981,1780,4,함석헌 가옥
3982,1781,8,독다방(구 독수리다방)
3983,1781,4,독다방(구 독수리다방)
3984,1782,8,미네르바
3985,1782,4,미네르바
3986,1783,4,공씨책방
3987,1784,4,홍익문고
3988,1785,2,세실극장
3989,1785,7,세실극장
3990,1785,4,세실극장
3991,1786,2,삼일로 창고극장
3992,1786,7,삼일로 창고극장
3993,1786,4,삼일로 창고극장
3994,1787,2,허리우드극장
3995,1787,7,허리우드극장
3996,1787,4,허리우드극장
3997,1788,2,정동극장
3998,1788,7,정동극장
3999,1788,4,정동극장
4000,1789,4,한신옹기
4001,1790,4,해방촌 108계단
4002,1791,4,해방촌
4003,1792,4,포린북스토어
4004,1793,4,이태원 앤틱 가구거리
4005,1794,4,금성부동산
4006,1795,4,윤중제
4007,1796,4,국회의사당
4008,1797,1,여의도공원
4009,1797,4,여의도공원
4010,1798,3,여의도 지하벙커
4011,1798,7,여의도 지하벙커
4012,1798,4,여의도 지하벙커
4013,1799,4,한국거래소
4014,1800,8,문화옥
4015,1800,4,문화옥
4016,1800,7,문화옥
4017,1801,8,우래옥
4018,1801,4,우래옥
4019,1802,4,관수동 명패골목
4020,1803,1,베를린 광장
4021,1803,4,베를린 광장
4022,1804,4,31빌딩(구 삼일로빌딩)
4023,1805,4,관철동의 도시조직
4024,1806,4,보신각타종
4025,1807,4,우정총국 회화나무
4026,1808,4,인사동 한옥밀집지역
4027,1809,8,선천집
4028,1809,4,선천집
4029,1810,8,카페 귀천
4030,1810,4,카페 귀천
4031,1811,3,통인화랑
4032,1811,7,통인화랑
4033,1811,4,통인화랑
4034,1812,4,구하산방
4035,1813,8,이문설농탕
4036,1813,4,이문설농탕
4037,1814,4,수도약국
4038,1815,4,"NH농협은행 종로금융센터(구 조선일보,조선중앙일보 사옥)"
4039,1816,4,통문관
4040,1817,8,이태준 달밤의 산실(수연산방)
4041,1817,4,이태준 달밤의 산실(수연산방)
4042,1818,8,쌍다리 식당
4043,1818,4,쌍다리 식당
4044,1819,4,선잠제향
4045,1820,8,성북동 국시집
4046,1820,4,성북동 국시집
4047,1821,8,나폴레옹 과자점
4048,1821,4,나폴레옹 과자점
4049,1822,4,성수목욕탕
4050,1823,4,서울경찰기마대
4051,1824,4,구두제조업(성수동일대)
4052,1825,3,한양대학교 박물관
4053,1825,7,한양대학교 박물관
4054,1825,4,한양대학교 박물관
4055,1826,4,도림동 성당
4056,1827,4,수정여관
4057,1828,4,1차 금속제조업 (문래동영단주택단지일대)
4058,1829,3,OB맥주 담금솥
4059,1829,7,OB맥주 담금솥
4060,1829,4,OB맥주 담금솥
4061,1830,1,서울역광장
4062,1830,4,서울역광장
4063,1831,1,서울광장
4064,1831,4,서울광장
4065,1832,2,세실극장
4066,1832,7,세실극장
4067,1832,4,세실극장
4068,1833,2,세종문화회관
4069,1833,7,세종문화회관
4070,1833,4,세종문화회관
4071,1834,4,옛 부민관
4072,1835,3,도로원표(칭경기념비전 내)
4073,1835,7,도로원표(칭경기념비전 내)
4074,1835,4,도로원표(칭경기념비전 내)
4075,1836,3,세종로 이순신 동상
4076,1836,7,세종로 이순신 동상
4077,1836,4,세종로 이순신 동상
4078,1837,4,통의동 동척 관사
4079,1838,4,통의동 보안여관
4080,1839,4,서촌 한옥밀집지역
4081,1840,3,이상의 집
4082,1840,7,이상의 집
4083,1840,4,이상의 집
4084,1841,4,통인시장
4085,1842,4,윤동주하숙집터
4086,1843,4,배화여고 캠벨 기념관
4087,1844,8,수연산방
4088,1844,4,수연산방
4089,1845,4,북정마을과 한양도성
4090,1846,8,삼청각
4091,1846,4,삼청각
4092,1847,4,길상사(구 대원각)
4093,1848,3,간송미술관
4094,1848,7,간송미술관
4095,1848,4,간송미술관
4096,1849,4,최순우옛집
4097,1850,3,만해한용운심우장
4098,1850,7,만해한용운심우장
4099,1850,4,만해한용운심우장
4100,1851,4,이화동 벽화마을
4101,1852,4,이화동 낙산 국민주택단지
4102,1853,1,마로니에공원
4103,1853,4,마로니에공원
4104,1854,3,이화장
4105,1854,7,이화장
4106,1854,4,이화장
4107,1855,2,아르코 예술극장
4108,1855,7,아르코 예술극장
4109,1855,4,아르코 예술극장
4110,1856,8,학림다방
4111,1856,4,학림다방
4112,1857,4,서울대학병원
4113,1858,3,공간건축(한식문화공간 이음)
4114,1858,7,공간건축(한식문화공간 이음)
4115,1858,4,공간건축(한식문화공간 이음)
4116,1859,3,춘곡 고희동 가옥
4117,1859,7,춘곡 고희동 가옥
4118,1859,4,춘곡 고희동 가옥
4119,1860,4,계동 48-12 건물군
4120,1861,4,북촌 한옥밀집지역
4121,1862,3,경복궁
4122,1862,7,경복궁
4123,1862,4,경복궁
4124,1863,3,기기국번사창
4125,1863,7,기기국번사창
4126,1863,4,기기국번사창
4127,1864,3,운현궁
4128,1864,7,운현궁
4129,1864,4,운현궁
4130,1865,3,종묘
4131,1865,7,종묘
4132,1865,4,종묘
4133,1866,4,전태일 분신장소
4134,1867,4,창신동 봉제마을
4135,1868,4,평화시장
4136,1869,3,보신각
4137,1869,7,보신각
4138,1869,4,보신각
4139,1870,3,보신각 앞 지하철 수준점
4140,1870,7,보신각 앞 지하철 수준점
4141,1870,4,보신각 앞 지하철 수준점
4142,1871,4,피맛골
4143,1872,3,성수대교 참사 희생자 위령탑
4144,1872,7,성수대교 참사 희생자 위령탑
4145,1872,4,성수대교 참사 희생자 위령탑
4146,1873,4,국립서울현충원
4147,1874,4,63한화생명빌딩
4148,1875,3,구로공단 노동자생활 체험관 (순이의 집)
4149,1875,7,구로공단 노동자생활 체험관 (순이의 집)
4150,1875,4,구로공단 노동자생활 체험관 (순이의 집)
4151,1876,3,삼풍참사위령탑
4152,1876,7,삼풍참사위령탑
4153,1876,4,삼풍참사위령탑
4154,1877,4,서울고속버스터미널
4155,1878,3,경교장
4156,1878,7,경교장
4157,1878,4,경교장
4158,1879,4,4.19혁명기념도서관
4159,1880,4,옛 부민관
4160,1881,1,서울광장
4161,1881,4,서울광장
4162,1882,3,환구단
4163,1882,7,환구단
4164,1882,4,환구단
4165,1883,2,세실극장
4166,1883,7,세실극장
4167,1883,4,세실극장
4168,1884,3,덕수궁 중명전
4169,1884,7,덕수궁 중명전
4170,1884,4,덕수궁 중명전
4171,1885,4,서울종합방재센터(옛 안기부 청사)
4172,1886,4,남산원 본관
4173,1887,3,한양공원 비
4174,1887,7,한양공원 비
4175,1887,4,한양공원 비
4176,1888,3,조선신궁터
4177,1888,7,조선신궁터
4178,1888,4,조선신궁터
4179,1889,4,옛 어린이회관
4180,1890,4,회현 제2시민아파트
4181,1891,4,남산육교
4182,1892,2,국립극장
4183,1892,7,국립극장
4184,1892,4,국립극장
4185,1893,4,옛 타워호텔(반얀트리 클럽 스파 서울)
4186,1894,4,자유센터(한국자유총연맹)
4187,1895,3,광희문
4188,1895,7,광희문
4189,1895,4,광희문
4190,1896,4,장충동 족발골목
4191,1897,4,박문사 터와 장충단
4192,1898,1,장충체육관
4193,1898,4,장충체육관
4194,1899,1,장충테니스장
4195,1899,4,장충테니스장
4196,1900,1,장충리틀야구장
4197,1900,4,장충리틀야구장
